_id,device,error,timestamp,month
6625e0c09a8cdfbc2b8de306,PH,Error reading,2024-04-22T00:00:00.284865-04:00,April
6625e0fd9a8cdfbc2b8de3c7,DO,Error reading,2024-04-22T00:01:01.319645-04:00,April
6625e13f9a8cdfbc2b8de49e,PH,Error reading,2024-04-22T00:02:07.845605-04:00,April
6625e17c9a8cdfbc2b8de55f,DO,Error reading,2024-04-22T00:03:08.882402-04:00,April
6625e1bf9a8cdfbc2b8de636,PH,Error reading,2024-04-22T00:04:15.408519-04:00,April
6625e1fc9a8cdfbc2b8de6f7,DO,Error reading,2024-04-22T00:05:16.446236-04:00,April
6625e23e9a8cdfbc2b8de7ce,PH,Error reading,2024-04-22T00:06:22.970863-04:00,April
6625e27c9a8cdfbc2b8de88f,DO,Error reading,2024-04-22T00:07:24.010034-04:00,April
6625e2be9a8cdfbc2b8de966,PH,Error reading,2024-04-22T00:08:30.535303-04:00,April
6625e2fb9a8cdfbc2b8dea27,DO,Error reading,2024-04-22T00:09:31.567821-04:00,April
6625e33e9a8cdfbc2b8deafe,PH,Error reading,2024-04-22T00:10:38.096255-04:00,April
6625e37b9a8cdfbc2b8debbf,DO,Error reading,2024-04-22T00:11:39.131082-04:00,April
6625e3bd9a8cdfbc2b8dec96,PH,Error reading,2024-04-22T00:12:45.661999-04:00,April
6625e3fa9a8cdfbc2b8ded57,DO,Error reading,2024-04-22T00:13:46.693959-04:00,April
6625e43d9a8cdfbc2b8dee2e,PH,Error reading,2024-04-22T00:14:53.228185-04:00,April
6625e47a9a8cdfbc2b8deeef,DO,Error reading,2024-04-22T00:15:54.262131-04:00,April
6625e4bc9a8cdfbc2b8defc6,PH,Error reading,2024-04-22T00:17:00.788573-04:00,April
6625e4f99a8cdfbc2b8df087,DO,Error reading,2024-04-22T00:18:01.819920-04:00,April
6625e53c9a8cdfbc2b8df15e,PH,Error reading,2024-04-22T00:19:08.346925-04:00,April
6625e5799a8cdfbc2b8df21f,DO,Error reading,2024-04-22T00:20:09.375217-04:00,April
6625e5bb9a8cdfbc2b8df2f6,PH,Error reading,2024-04-22T00:21:15.898612-04:00,April
6625e5f89a8cdfbc2b8df3b7,DO,Error reading,2024-04-22T00:22:16.934538-04:00,April
6625e63b9a8cdfbc2b8df48e,PH,Error reading,2024-04-22T00:23:23.457147-04:00,April
6625e6789a8cdfbc2b8df54f,DO,Error reading,2024-04-22T00:24:24.491900-04:00,April
6625e6bb9a8cdfbc2b8df626,PH,Error reading,2024-04-22T00:25:31.017393-04:00,April
6625e6f89a8cdfbc2b8df6e7,DO,Error reading,2024-04-22T00:26:32.050343-04:00,April
6625e73a9a8cdfbc2b8df7be,PH,Error reading,2024-04-22T00:27:38.576156-04:00,April
6625e7779a8cdfbc2b8df87f,DO,Error reading,2024-04-22T00:28:39.611217-04:00,April
6625e7ba9a8cdfbc2b8df956,PH,Error reading,2024-04-22T00:29:46.141990-04:00,April
6625e7f79a8cdfbc2b8dfa17,DO,Error reading,2024-04-22T00:30:47.173096-04:00,April
6625e8399a8cdfbc2b8dfaee,PH,Error reading,2024-04-22T00:31:53.705068-04:00,April
6625e8769a8cdfbc2b8dfbaf,DO,Error reading,2024-04-22T00:32:54.740721-04:00,April
6625e8b99a8cdfbc2b8dfc86,PH,Error reading,2024-04-22T00:34:01.262808-04:00,April
6625e8f69a8cdfbc2b8dfd47,DO,Error reading,2024-04-22T00:35:02.294896-04:00,April
6625e9389a8cdfbc2b8dfe1e,PH,Error reading,2024-04-22T00:36:08.826466-04:00,April
6625e9759a8cdfbc2b8dfedf,DO,Error reading,2024-04-22T00:37:09.857554-04:00,April
6625e9b89a8cdfbc2b8dffb6,PH,Error reading,2024-04-22T00:38:16.385267-04:00,April
6625e9f59a8cdfbc2b8e0077,DO,Error reading,2024-04-22T00:39:17.412501-04:00,April
6625ea379a8cdfbc2b8e014e,PH,Error reading,2024-04-22T00:40:23.938643-04:00,April
6625ea749a8cdfbc2b8e020f,DO,Error reading,2024-04-22T00:41:24.968580-04:00,April
6625eab79a8cdfbc2b8e02e6,PH,Error reading,2024-04-22T00:42:31.495172-04:00,April
6625eaf49a8cdfbc2b8e03a7,DO,Error reading,2024-04-22T00:43:32.530597-04:00,April
6625eb379a8cdfbc2b8e047e,PH,Error reading,2024-04-22T00:44:39.057419-04:00,April
6625eb749a8cdfbc2b8e053f,DO,Error reading,2024-04-22T00:45:40.093282-04:00,April
6625ebb69a8cdfbc2b8e0616,PH,Error reading,2024-04-22T00:46:46.621775-04:00,April
6625ebf39a8cdfbc2b8e06d7,DO,Error reading,2024-04-22T00:47:47.642746-04:00,April
6625ec369a8cdfbc2b8e07ae,PH,Error reading,2024-04-22T00:48:54.170227-04:00,April
6625ec739a8cdfbc2b8e086f,DO,Error reading,2024-04-22T00:49:55.203997-04:00,April
6625ecb59a8cdfbc2b8e0946,PH,Error reading,2024-04-22T00:51:01.739325-04:00,April
6625ecf29a8cdfbc2b8e0a07,DO,Error reading,2024-04-22T00:52:02.773105-04:00,April
6625ed359a8cdfbc2b8e0ade,PH,Error reading,2024-04-22T00:53:09.300265-04:00,April
6625ed729a8cdfbc2b8e0b9f,DO,Error reading,2024-04-22T00:54:10.331393-04:00,April
6625edb49a8cdfbc2b8e0c76,PH,Error reading,2024-04-22T00:55:16.857732-04:00,April
6625edf19a8cdfbc2b8e0d37,DO,Error reading,2024-04-22T00:56:17.890324-04:00,April
6625ee349a8cdfbc2b8e0e0e,PH,Error reading,2024-04-22T00:57:24.416872-04:00,April
6625ee719a8cdfbc2b8e0ecf,DO,Error reading,2024-04-22T00:58:25.448578-04:00,April
6625eeb39a8cdfbc2b8e0fa6,PH,Error reading,2024-04-22T00:59:31.976297-04:00,April
6625eef19a8cdfbc2b8e1067,DO,Error reading,2024-04-22T01:00:33.006420-04:00,April
6625ef339a8cdfbc2b8e113e,PH,Error reading,2024-04-22T01:01:39.530481-04:00,April
6625ef709a8cdfbc2b8e11ff,DO,Error reading,2024-04-22T01:02:40.560728-04:00,April
6625efb39a8cdfbc2b8e12d6,PH,Error reading,2024-04-22T01:03:47.092541-04:00,April
6625eff09a8cdfbc2b8e1397,DO,Error reading,2024-04-22T01:04:48.132463-04:00,April
6625f0329a8cdfbc2b8e146e,PH,Error reading,2024-04-22T01:05:54.841776-04:00,April
6625f06f9a8cdfbc2b8e152f,DO,Error reading,2024-04-22T01:06:55.688144-04:00,April
6625f0b29a8cdfbc2b8e1606,PH,Error reading,2024-04-22T01:08:02.215501-04:00,April
6625f0ef9a8cdfbc2b8e16c7,DO,Error reading,2024-04-22T01:09:03.245360-04:00,April
6625f1329a8cdfbc2b8e179e,PH,Error reading,2024-04-22T01:10:10.337076-04:00,April
6625f16e9a8cdfbc2b8e185f,DO,Error reading,2024-04-22T01:11:10.800519-04:00,April
6625f1b19a8cdfbc2b8e1936,PH,Error reading,2024-04-22T01:12:17.325472-04:00,April
6625f1ee9a8cdfbc2b8e19f7,DO,Error reading,2024-04-22T01:13:18.357953-04:00,April
6625f2309a8cdfbc2b8e1ace,PH,Error reading,2024-04-22T01:14:24.880120-04:00,April
6625f26d9a8cdfbc2b8e1b8f,DO,Error reading,2024-04-22T01:15:25.907021-04:00,April
6625f2b09a8cdfbc2b8e1c66,PH,Error reading,2024-04-22T01:16:32.431179-04:00,April
6625f2ed9a8cdfbc2b8e1d27,DO,Error reading,2024-04-22T01:17:33.462829-04:00,April
6625f32f9a8cdfbc2b8e1dfe,PH,Error reading,2024-04-22T01:18:39.990510-04:00,April
6625f36d9a8cdfbc2b8e1ebf,DO,Error reading,2024-04-22T01:19:41.025933-04:00,April
6625f3af9a8cdfbc2b8e1f96,PH,Error reading,2024-04-22T01:20:47.555008-04:00,April
6625f3ec9a8cdfbc2b8e2057,DO,Error reading,2024-04-22T01:21:48.585987-04:00,April
6625f42f9a8cdfbc2b8e212e,PH,Error reading,2024-04-22T01:22:55.103334-04:00,April
6625f46c9a8cdfbc2b8e21ef,DO,Error reading,2024-04-22T01:23:56.142233-04:00,April
6625f4ae9a8cdfbc2b8e22c6,PH,Error reading,2024-04-22T01:25:02.665907-04:00,April
6625f4eb9a8cdfbc2b8e2387,DO,Error reading,2024-04-22T01:26:03.702865-04:00,April
6625f52e9a8cdfbc2b8e245e,PH,Error reading,2024-04-22T01:27:10.231948-04:00,April
6625f56b9a8cdfbc2b8e251f,DO,Error reading,2024-04-22T01:28:11.250711-04:00,April
6625f5ad9a8cdfbc2b8e25f6,PH,Error reading,2024-04-22T01:29:17.772508-04:00,April
6625f5ea9a8cdfbc2b8e26b7,DO,Error reading,2024-04-22T01:30:18.802902-04:00,April
6625f62d9a8cdfbc2b8e278e,PH,Error reading,2024-04-22T01:31:25.328471-04:00,April
6625f66a9a8cdfbc2b8e284f,DO,Error reading,2024-04-22T01:32:26.359402-04:00,April
6625f6ac9a8cdfbc2b8e2926,PH,Error reading,2024-04-22T01:33:32.883301-04:00,April
6625f6e99a8cdfbc2b8e29e7,DO,Error reading,2024-04-22T01:34:33.917530-04:00,April
6625f72c9a8cdfbc2b8e2abe,PH,Error reading,2024-04-22T01:35:40.444235-04:00,April
6625f7699a8cdfbc2b8e2b7f,DO,Error reading,2024-04-22T01:36:41.476643-04:00,April
6625f7ac9a8cdfbc2b8e2c56,PH,Error reading,2024-04-22T01:37:48.007138-04:00,April
6625f7e99a8cdfbc2b8e2d17,DO,Error reading,2024-04-22T01:38:49.039346-04:00,April
6625f82b9a8cdfbc2b8e2dee,PH,Error reading,2024-04-22T01:39:55.565988-04:00,April
6625f8689a8cdfbc2b8e2eaf,DO,Error reading,2024-04-22T01:40:56.597871-04:00,April
6625f8ab9a8cdfbc2b8e2f86,PH,Error reading,2024-04-22T01:42:03.121952-04:00,April
6625f8e89a8cdfbc2b8e3047,DO,Error reading,2024-04-22T01:43:04.144214-04:00,April
6625f9239a8cdfbc2b8e3102,DO,Error reading,2024-04-22T01:44:03.664428-04:00,April
6625f9669a8cdfbc2b8e31d9,PH,Error reading,2024-04-22T01:45:10.193756-04:00,April
6625f9a39a8cdfbc2b8e329a,DO,Error reading,2024-04-22T01:46:11.215200-04:00,April
6625f9e59a8cdfbc2b8e3371,PH,Error reading,2024-04-22T01:47:17.740942-04:00,April
6625fa229a8cdfbc2b8e3432,DO,Error reading,2024-04-22T01:48:18.773724-04:00,April
6625fa659a8cdfbc2b8e3509,PH,Error reading,2024-04-22T01:49:25.300904-04:00,April
6625faa29a8cdfbc2b8e35ca,DO,Error reading,2024-04-22T01:50:26.333743-04:00,April
6625fae49a8cdfbc2b8e36a1,PH,Error reading,2024-04-22T01:51:32.861509-04:00,April
6625fb219a8cdfbc2b8e3762,DO,Error reading,2024-04-22T01:52:33.894664-04:00,April
6625fb649a8cdfbc2b8e3839,PH,Error reading,2024-04-22T01:53:40.420093-04:00,April
6625fba19a8cdfbc2b8e38fa,DO,Error reading,2024-04-22T01:54:41.447600-04:00,April
6625fbe39a8cdfbc2b8e39d1,PH,Error reading,2024-04-22T01:55:47.960659-04:00,April
6625fc209a8cdfbc2b8e3a92,DO,Error reading,2024-04-22T01:56:48.992218-04:00,April
6625fc639a8cdfbc2b8e3b69,PH,Error reading,2024-04-22T01:57:55.518480-04:00,April
6625fca09a8cdfbc2b8e3c2a,DO,Error reading,2024-04-22T01:58:56.543384-04:00,April
6625fce39a8cdfbc2b8e3d01,PH,Error reading,2024-04-22T02:00:03.102096-04:00,April
6625fd209a8cdfbc2b8e3dc2,DO,Error reading,2024-04-22T02:01:04.104958-04:00,April
6625fd629a8cdfbc2b8e3e99,PH,Error reading,2024-04-22T02:02:10.633953-04:00,April
6625fd9f9a8cdfbc2b8e3f5a,DO,Error reading,2024-04-22T02:03:11.662340-04:00,April
6625fde29a8cdfbc2b8e4031,PH,Error reading,2024-04-22T02:04:18.192372-04:00,April
6625fe1f9a8cdfbc2b8e40f2,DO,Error reading,2024-04-22T02:05:19.224098-04:00,April
6625fe619a8cdfbc2b8e41c9,PH,Error reading,2024-04-22T02:06:25.753116-04:00,April
6625fe9e9a8cdfbc2b8e428a,DO,Error reading,2024-04-22T02:07:26.777641-04:00,April
6625fee19a8cdfbc2b8e4361,PH,Error reading,2024-04-22T02:08:33.305348-04:00,April
6625ff1e9a8cdfbc2b8e4422,DO,Error reading,2024-04-22T02:09:34.334794-04:00,April
6625ff609a8cdfbc2b8e44f9,PH,Error reading,2024-04-22T02:10:40.863536-04:00,April
6625ff9d9a8cdfbc2b8e45ba,DO,Error reading,2024-04-22T02:11:41.894803-04:00,April
6625ffe09a8cdfbc2b8e4691,PH,Error reading,2024-04-22T02:12:48.420867-04:00,April
6626001d9a8cdfbc2b8e4752,DO,Error reading,2024-04-22T02:13:49.454063-04:00,April
6626005f9a8cdfbc2b8e4829,PH,Error reading,2024-04-22T02:14:55.982650-04:00,April
6626009d9a8cdfbc2b8e48ea,DO,Error reading,2024-04-22T02:15:57.013741-04:00,April
662600df9a8cdfbc2b8e49c1,PH,Error reading,2024-04-22T02:17:03.545213-04:00,April
6626011c9a8cdfbc2b8e4a82,DO,Error reading,2024-04-22T02:18:04.576930-04:00,April
6626015f9a8cdfbc2b8e4b59,PH,Error reading,2024-04-22T02:19:11.105132-04:00,April
6626019c9a8cdfbc2b8e4c1a,DO,Error reading,2024-04-22T02:20:12.151690-04:00,April
662601de9a8cdfbc2b8e4cf1,PH,Error reading,2024-04-22T02:21:18.664631-04:00,April
6626021b9a8cdfbc2b8e4db2,DO,Error reading,2024-04-22T02:22:19.693567-04:00,April
6626025e9a8cdfbc2b8e4e89,PH,Error reading,2024-04-22T02:23:26.227029-04:00,April
6626029b9a8cdfbc2b8e4f4a,DO,Error reading,2024-04-22T02:24:27.263289-04:00,April
662602dd9a8cdfbc2b8e5021,PH,Error reading,2024-04-22T02:25:33.787463-04:00,April
6626031a9a8cdfbc2b8e50e2,DO,Error reading,2024-04-22T02:26:34.817547-04:00,April
6626035d9a8cdfbc2b8e51b9,PH,Error reading,2024-04-22T02:27:41.351552-04:00,April
6626039a9a8cdfbc2b8e527a,DO,Error reading,2024-04-22T02:28:42.388737-04:00,April
662603dc9a8cdfbc2b8e5351,PH,Error reading,2024-04-22T02:29:48.906369-04:00,April
662604199a8cdfbc2b8e5412,DO,Error reading,2024-04-22T02:30:49.934383-04:00,April
6626045c9a8cdfbc2b8e54e9,PH,Error reading,2024-04-22T02:31:56.463694-04:00,April
662604999a8cdfbc2b8e55aa,DO,Error reading,2024-04-22T02:32:57.492505-04:00,April
662604dc9a8cdfbc2b8e5681,PH,Error reading,2024-04-22T02:34:04.019297-04:00,April
662605199a8cdfbc2b8e5742,DO,Error reading,2024-04-22T02:35:05.040478-04:00,April
6626055b9a8cdfbc2b8e5819,PH,Error reading,2024-04-22T02:36:11.570621-04:00,April
662605989a8cdfbc2b8e58da,DO,Error reading,2024-04-22T02:37:12.600457-04:00,April
662605db9a8cdfbc2b8e59b1,PH,Error reading,2024-04-22T02:38:19.123836-04:00,April
662606189a8cdfbc2b8e5a72,DO,Error reading,2024-04-22T02:39:20.159423-04:00,April
6626065a9a8cdfbc2b8e5b49,PH,Error reading,2024-04-22T02:40:26.685383-04:00,April
662606979a8cdfbc2b8e5c0a,DO,Error reading,2024-04-22T02:41:27.718250-04:00,April
662606da9a8cdfbc2b8e5ce1,PH,Error reading,2024-04-22T02:42:34.248816-04:00,April
662607179a8cdfbc2b8e5da2,DO,Error reading,2024-04-22T02:43:35.280833-04:00,April
662607599a8cdfbc2b8e5e79,PH,Error reading,2024-04-22T02:44:41.800139-04:00,April
662607969a8cdfbc2b8e5f3a,DO,Error reading,2024-04-22T02:45:42.826827-04:00,April
662607d99a8cdfbc2b8e6011,PH,Error reading,2024-04-22T02:46:49.358495-04:00,April
662608169a8cdfbc2b8e60d2,DO,Error reading,2024-04-22T02:47:50.393900-04:00,April
662608589a8cdfbc2b8e61a9,PH,Error reading,2024-04-22T02:48:56.922205-04:00,April
662608959a8cdfbc2b8e626a,DO,Error reading,2024-04-22T02:49:57.954944-04:00,April
662608d89a8cdfbc2b8e6341,PH,Error reading,2024-04-22T02:51:04.484359-04:00,April
662609159a8cdfbc2b8e6402,DO,Error reading,2024-04-22T02:52:05.512723-04:00,April
662609589a8cdfbc2b8e64d9,PH,Error reading,2024-04-22T02:53:12.038495-04:00,April
662609959a8cdfbc2b8e659a,DO,Error reading,2024-04-22T02:54:13.069944-04:00,April
662609d79a8cdfbc2b8e6671,PH,Error reading,2024-04-22T02:55:19.595671-04:00,April
66260a149a8cdfbc2b8e6732,DO,Error reading,2024-04-22T02:56:20.620513-04:00,April
66260a579a8cdfbc2b8e6809,PH,Error reading,2024-04-22T02:57:27.146421-04:00,April
66260a949a8cdfbc2b8e68ca,DO,Error reading,2024-04-22T02:58:28.178599-04:00,April
66260ad69a8cdfbc2b8e69a1,PH,Error reading,2024-04-22T02:59:34.705232-04:00,April
66260b139a8cdfbc2b8e6a62,DO,Error reading,2024-04-22T03:00:35.734239-04:00,April
66260b569a8cdfbc2b8e6b39,PH,Error reading,2024-04-22T03:01:42.259674-04:00,April
66260b939a8cdfbc2b8e6bfa,DO,Error reading,2024-04-22T03:02:43.283054-04:00,April
66260bd59a8cdfbc2b8e6cd1,PH,Error reading,2024-04-22T03:03:49.808049-04:00,April
66260c129a8cdfbc2b8e6d92,DO,Error reading,2024-04-22T03:04:50.842215-04:00,April
66260c559a8cdfbc2b8e6e69,PH,Error reading,2024-04-22T03:05:57.374166-04:00,April
66260c929a8cdfbc2b8e6f2a,DO,Error reading,2024-04-22T03:06:58.398311-04:00,April
66260cd49a8cdfbc2b8e7001,PH,Error reading,2024-04-22T03:08:04.923248-04:00,April
66260d119a8cdfbc2b8e70c2,DO,Error reading,2024-04-22T03:09:05.956530-04:00,April
66260d549a8cdfbc2b8e7199,PH,Error reading,2024-04-22T03:10:12.481097-04:00,April
66260d919a8cdfbc2b8e725a,DO,Error reading,2024-04-22T03:11:13.509765-04:00,April
66260dd49a8cdfbc2b8e7331,PH,Error reading,2024-04-22T03:12:20.028821-04:00,April
66260e119a8cdfbc2b8e73f2,DO,Error reading,2024-04-22T03:13:21.060549-04:00,April
66260e539a8cdfbc2b8e74c9,PH,Error reading,2024-04-22T03:14:27.586150-04:00,April
66260e909a8cdfbc2b8e758a,DO,Error reading,2024-04-22T03:15:28.613942-04:00,April
66260ed39a8cdfbc2b8e7661,PH,Error reading,2024-04-22T03:16:35.144691-04:00,April
66260f109a8cdfbc2b8e7722,DO,Error reading,2024-04-22T03:17:36.171727-04:00,April
66260f529a8cdfbc2b8e77f9,PH,Error reading,2024-04-22T03:18:42.699139-04:00,April
66260f8f9a8cdfbc2b8e78ba,DO,Error reading,2024-04-22T03:19:43.728746-04:00,April
66260fd29a8cdfbc2b8e7991,PH,Error reading,2024-04-22T03:20:50.255433-04:00,April
6626100f9a8cdfbc2b8e7a52,DO,Error reading,2024-04-22T03:21:51.285559-04:00,April
662610519a8cdfbc2b8e7b29,PH,Error reading,2024-04-22T03:22:57.815458-04:00,April
6626108e9a8cdfbc2b8e7bea,DO,Error reading,2024-04-22T03:23:58.847325-04:00,April
662610d19a8cdfbc2b8e7cc1,PH,Error reading,2024-04-22T03:25:05.368734-04:00,April
6626110e9a8cdfbc2b8e7d82,DO,Error reading,2024-04-22T03:26:06.393696-04:00,April
662611509a8cdfbc2b8e7e59,PH,Error reading,2024-04-22T03:27:12.914529-04:00,April
6626118d9a8cdfbc2b8e7f1a,DO,Error reading,2024-04-22T03:28:13.943532-04:00,April
662611d09a8cdfbc2b8e7ff1,PH,Error reading,2024-04-22T03:29:20.467037-04:00,April
6626120d9a8cdfbc2b8e80b2,DO,Error reading,2024-04-22T03:30:21.497245-04:00,April
662612509a8cdfbc2b8e8189,PH,Error reading,2024-04-22T03:31:28.024809-04:00,April
6626128d9a8cdfbc2b8e824a,DO,Error reading,2024-04-22T03:32:29.058012-04:00,April
662612cf9a8cdfbc2b8e8321,PH,Error reading,2024-04-22T03:33:35.591398-04:00,April
6626130c9a8cdfbc2b8e83e2,DO,Error reading,2024-04-22T03:34:36.627185-04:00,April
6626134f9a8cdfbc2b8e84b9,PH,Error reading,2024-04-22T03:35:43.156814-04:00,April
6626138c9a8cdfbc2b8e857a,DO,Error reading,2024-04-22T03:36:44.188645-04:00,April
662613ce9a8cdfbc2b8e8651,PH,Error reading,2024-04-22T03:37:50.703103-04:00,April
6626140b9a8cdfbc2b8e8712,DO,Error reading,2024-04-22T03:38:51.735776-04:00,April
6626144e9a8cdfbc2b8e87e9,PH,Error reading,2024-04-22T03:39:58.262890-04:00,April
6626148b9a8cdfbc2b8e88aa,DO,Error reading,2024-04-22T03:40:59.288999-04:00,April
662614cd9a8cdfbc2b8e8981,PH,Error reading,2024-04-22T03:42:05.812838-04:00,April
6626150a9a8cdfbc2b8e8a42,DO,Error reading,2024-04-22T03:43:06.846425-04:00,April
6626154d9a8cdfbc2b8e8b19,PH,Error reading,2024-04-22T03:44:13.361646-04:00,April
6626158a9a8cdfbc2b8e8bda,DO,Error reading,2024-04-22T03:45:14.397253-04:00,April
662615cc9a8cdfbc2b8e8cb1,PH,Error reading,2024-04-22T03:46:20.927556-04:00,April
662616099a8cdfbc2b8e8d72,DO,Error reading,2024-04-22T03:47:21.954922-04:00,April
6626164c9a8cdfbc2b8e8e49,PH,Error reading,2024-04-22T03:48:28.482851-04:00,April
662616899a8cdfbc2b8e8f0a,DO,Error reading,2024-04-22T03:49:29.508012-04:00,April
662616cc9a8cdfbc2b8e8fe1,PH,Error reading,2024-04-22T03:50:36.037704-04:00,April
662617099a8cdfbc2b8e90a2,DO,Error reading,2024-04-22T03:51:37.060129-04:00,April
6626174b9a8cdfbc2b8e9179,PH,Error reading,2024-04-22T03:52:43.588637-04:00,April
662617889a8cdfbc2b8e923a,DO,Error reading,2024-04-22T03:53:44.620292-04:00,April
662617cb9a8cdfbc2b8e9311,PH,Error reading,2024-04-22T03:54:51.145528-04:00,April
662618089a8cdfbc2b8e93d2,DO,Error reading,2024-04-22T03:55:52.182533-04:00,April
6626184a9a8cdfbc2b8e94a9,PH,Error reading,2024-04-22T03:56:58.708617-04:00,April
662618879a8cdfbc2b8e956a,DO,Error reading,2024-04-22T03:57:59.738458-04:00,April
662618ca9a8cdfbc2b8e9641,PH,Error reading,2024-04-22T03:59:06.264352-04:00,April
662619079a8cdfbc2b8e9702,DO,Error reading,2024-04-22T04:00:07.293478-04:00,April
662619499a8cdfbc2b8e97d9,PH,Error reading,2024-04-22T04:01:13.815495-04:00,April
662619869a8cdfbc2b8e989a,DO,Error reading,2024-04-22T04:02:14.846468-04:00,April
662619c99a8cdfbc2b8e9971,PH,Error reading,2024-04-22T04:03:21.371133-04:00,April
66261a069a8cdfbc2b8e9a32,DO,Error reading,2024-04-22T04:04:22.395528-04:00,April
66261a489a8cdfbc2b8e9b09,PH,Error reading,2024-04-22T04:05:28.917516-04:00,April
66261a859a8cdfbc2b8e9bca,DO,Error reading,2024-04-22T04:06:29.948217-04:00,April
66261ac89a8cdfbc2b8e9ca1,PH,Error reading,2024-04-22T04:07:36.468951-04:00,April
66261b059a8cdfbc2b8e9d62,DO,Error reading,2024-04-22T04:08:37.497545-04:00,April
66261b489a8cdfbc2b8e9e39,PH,Error reading,2024-04-22T04:09:44.017736-04:00,April
66261b859a8cdfbc2b8e9efa,DO,Error reading,2024-04-22T04:10:45.056652-04:00,April
66261bc79a8cdfbc2b8e9fd1,PH,Error reading,2024-04-22T04:11:51.590864-04:00,April
66261c049a8cdfbc2b8ea092,DO,Error reading,2024-04-22T04:12:52.616790-04:00,April
66261c479a8cdfbc2b8ea169,PH,Error reading,2024-04-22T04:13:59.138045-04:00,April
66261c849a8cdfbc2b8ea22a,DO,Error reading,2024-04-22T04:15:00.166738-04:00,April
66261cc69a8cdfbc2b8ea301,PH,Error reading,2024-04-22T04:16:06.689359-04:00,April
66261d039a8cdfbc2b8ea3c2,DO,Error reading,2024-04-22T04:17:07.721142-04:00,April
66261d469a8cdfbc2b8ea499,PH,Error reading,2024-04-22T04:18:14.240720-04:00,April
66261d839a8cdfbc2b8ea55a,DO,Error reading,2024-04-22T04:19:15.272328-04:00,April
66261dc59a8cdfbc2b8ea631,PH,Error reading,2024-04-22T04:20:21.789094-04:00,April
66261e029a8cdfbc2b8ea6f2,DO,Error reading,2024-04-22T04:21:22.808678-04:00,April
66261e459a8cdfbc2b8ea7c9,PH,Error reading,2024-04-22T04:22:29.330635-04:00,April
66261e829a8cdfbc2b8ea88a,DO,Error reading,2024-04-22T04:23:30.357522-04:00,April
66261ec49a8cdfbc2b8ea961,PH,Error reading,2024-04-22T04:24:36.878407-04:00,April
66261f019a8cdfbc2b8eaa22,DO,Error reading,2024-04-22T04:25:37.908683-04:00,April
66261f449a8cdfbc2b8eaaf9,PH,Error reading,2024-04-22T04:26:44.437637-04:00,April
66261f819a8cdfbc2b8eabba,DO,Error reading,2024-04-22T04:27:45.467219-04:00,April
66261fc39a8cdfbc2b8eac91,PH,Error reading,2024-04-22T04:28:51.992667-04:00,April
662620019a8cdfbc2b8ead52,DO,Error reading,2024-04-22T04:29:53.024717-04:00,April
662620439a8cdfbc2b8eae29,PH,Error reading,2024-04-22T04:30:59.543601-04:00,April
662620809a8cdfbc2b8eaeea,DO,Error reading,2024-04-22T04:32:00.565323-04:00,April
662620c39a8cdfbc2b8eafc1,PH,Error reading,2024-04-22T04:33:07.094024-04:00,April
662621009a8cdfbc2b8eb082,DO,Error reading,2024-04-22T04:34:08.120172-04:00,April
662621429a8cdfbc2b8eb159,PH,Error reading,2024-04-22T04:35:14.647370-04:00,April
6626217f9a8cdfbc2b8eb21a,DO,Error reading,2024-04-22T04:36:15.675213-04:00,April
662621c29a8cdfbc2b8eb2f1,PH,Error reading,2024-04-22T04:37:22.199133-04:00,April
662621ff9a8cdfbc2b8eb3b2,DO,Error reading,2024-04-22T04:38:23.229938-04:00,April
662622419a8cdfbc2b8eb489,PH,Error reading,2024-04-22T04:39:29.754192-04:00,April
6626227e9a8cdfbc2b8eb54a,DO,Error reading,2024-04-22T04:40:30.782914-04:00,April
662622c19a8cdfbc2b8eb621,PH,Error reading,2024-04-22T04:41:37.301975-04:00,April
662622fe9a8cdfbc2b8eb6e2,DO,Error reading,2024-04-22T04:42:38.331328-04:00,April
662623409a8cdfbc2b8eb7b9,PH,Error reading,2024-04-22T04:43:44.858225-04:00,April
6626237d9a8cdfbc2b8eb87a,DO,Error reading,2024-04-22T04:44:45.878133-04:00,April
662623c09a8cdfbc2b8eb951,PH,Error reading,2024-04-22T04:45:52.399024-04:00,April
662623fd9a8cdfbc2b8eba12,DO,Error reading,2024-04-22T04:46:53.427097-04:00,April
6626243f9a8cdfbc2b8ebae9,PH,Error reading,2024-04-22T04:47:59.944162-04:00,April
6626247c9a8cdfbc2b8ebbaa,DO,Error reading,2024-04-22T04:49:00.969206-04:00,April
662624bf9a8cdfbc2b8ebc81,PH,Error reading,2024-04-22T04:50:07.497242-04:00,April
662624fc9a8cdfbc2b8ebd42,DO,Error reading,2024-04-22T04:51:08.515989-04:00,April
6626253f9a8cdfbc2b8ebe19,PH,Error reading,2024-04-22T04:52:15.034161-04:00,April
6626257c9a8cdfbc2b8ebeda,DO,Error reading,2024-04-22T04:53:16.062781-04:00,April
662625be9a8cdfbc2b8ebfb1,PH,Error reading,2024-04-22T04:54:22.597640-04:00,April
662625fb9a8cdfbc2b8ec072,DO,Error reading,2024-04-22T04:55:23.622389-04:00,April
6626263e9a8cdfbc2b8ec149,PH,Error reading,2024-04-22T04:56:30.138562-04:00,April
6626267b9a8cdfbc2b8ec20a,DO,Error reading,2024-04-22T04:57:31.163887-04:00,April
662626bd9a8cdfbc2b8ec2e1,PH,Error reading,2024-04-22T04:58:37.679698-04:00,April
662626fa9a8cdfbc2b8ec3a2,DO,Error reading,2024-04-22T04:59:38.700169-04:00,April
6626273d9a8cdfbc2b8ec479,PH,Error reading,2024-04-22T05:00:45.217767-04:00,April
6626277a9a8cdfbc2b8ec53a,DO,Error reading,2024-04-22T05:01:46.246856-04:00,April
662627bc9a8cdfbc2b8ec611,PH,Error reading,2024-04-22T05:02:52.766425-04:00,April
662627f99a8cdfbc2b8ec6d2,DO,Error reading,2024-04-22T05:03:53.788335-04:00,April
6626283c9a8cdfbc2b8ec7a9,PH,Error reading,2024-04-22T05:05:00.307777-04:00,April
662628799a8cdfbc2b8ec86a,DO,Error reading,2024-04-22T05:06:01.329724-04:00,April
662628bb9a8cdfbc2b8ec941,PH,Error reading,2024-04-22T05:07:07.858417-04:00,April
662628f89a8cdfbc2b8eca02,DO,Error reading,2024-04-22T05:08:08.891561-04:00,April
6626293b9a8cdfbc2b8ecad9,PH,Error reading,2024-04-22T05:09:15.411278-04:00,April
662629789a8cdfbc2b8ecb9a,DO,Error reading,2024-04-22T05:10:16.436590-04:00,April
662629ba9a8cdfbc2b8ecc71,PH,Error reading,2024-04-22T05:11:22.951056-04:00,April
662629f79a8cdfbc2b8ecd32,DO,Error reading,2024-04-22T05:12:23.977216-04:00,April
66262a3a9a8cdfbc2b8ece09,PH,Error reading,2024-04-22T05:13:30.499780-04:00,April
66262a779a8cdfbc2b8ececa,DO,Error reading,2024-04-22T05:14:31.519214-04:00,April
66262aba9a8cdfbc2b8ecfa1,PH,Error reading,2024-04-22T05:15:38.044253-04:00,April
66262af79a8cdfbc2b8ed062,DO,Error reading,2024-04-22T05:16:39.066748-04:00,April
66262b399a8cdfbc2b8ed139,PH,Error reading,2024-04-22T05:17:45.589409-04:00,April
66262b769a8cdfbc2b8ed1fa,DO,Error reading,2024-04-22T05:18:46.611079-04:00,April
66262bb99a8cdfbc2b8ed2d1,PH,Error reading,2024-04-22T05:19:53.127270-04:00,April
66262bf69a8cdfbc2b8ed392,DO,Error reading,2024-04-22T05:20:54.160041-04:00,April
66262c389a8cdfbc2b8ed469,PH,Error reading,2024-04-22T05:22:00.676313-04:00,April
66262c759a8cdfbc2b8ed52a,DO,Error reading,2024-04-22T05:23:01.697608-04:00,April
66262cb89a8cdfbc2b8ed601,PH,Error reading,2024-04-22T05:24:08.213771-04:00,April
66262cf59a8cdfbc2b8ed6c2,DO,Error reading,2024-04-22T05:25:09.236817-04:00,April
66262d379a8cdfbc2b8ed799,PH,Error reading,2024-04-22T05:26:15.758814-04:00,April
66262d749a8cdfbc2b8ed85a,DO,Error reading,2024-04-22T05:27:16.789640-04:00,April
66262db79a8cdfbc2b8ed931,PH,Error reading,2024-04-22T05:28:23.310872-04:00,April
66262df49a8cdfbc2b8ed9f2,DO,Error reading,2024-04-22T05:29:24.339384-04:00,April
66262e369a8cdfbc2b8edac9,PH,Error reading,2024-04-22T05:30:30.857778-04:00,April
66262e739a8cdfbc2b8edb8a,DO,Error reading,2024-04-22T05:31:31.886697-04:00,April
66262eb69a8cdfbc2b8edc61,PH,Error reading,2024-04-22T05:32:38.406693-04:00,April
66262ef39a8cdfbc2b8edd22,DO,Error reading,2024-04-22T05:33:39.437722-04:00,April
66262f359a8cdfbc2b8eddf9,PH,Error reading,2024-04-22T05:34:45.954731-04:00,April
66262f729a8cdfbc2b8edeba,DO,Error reading,2024-04-22T05:35:46.982920-04:00,April
66262fb59a8cdfbc2b8edf91,PH,Error reading,2024-04-22T05:36:53.502823-04:00,April
66262ff29a8cdfbc2b8ee052,DO,Error reading,2024-04-22T05:37:54.527507-04:00,April
662630359a8cdfbc2b8ee129,PH,Error reading,2024-04-22T05:39:01.045847-04:00,April
662630729a8cdfbc2b8ee1ea,DO,Error reading,2024-04-22T05:40:02.068205-04:00,April
662630b49a8cdfbc2b8ee2c1,PH,Error reading,2024-04-22T05:41:08.586221-04:00,April
662630f19a8cdfbc2b8ee382,DO,Error reading,2024-04-22T05:42:09.615133-04:00,April
662631349a8cdfbc2b8ee459,PH,Error reading,2024-04-22T05:43:16.133250-04:00,April
662631719a8cdfbc2b8ee51a,DO,Error reading,2024-04-22T05:44:17.160657-04:00,April
662631b39a8cdfbc2b8ee5f1,PH,Error reading,2024-04-22T05:45:23.684441-04:00,April
662631f09a8cdfbc2b8ee6b2,DO,Error reading,2024-04-22T05:46:24.711435-04:00,April
662632339a8cdfbc2b8ee789,PH,Error reading,2024-04-22T05:47:31.227048-04:00,April
662632709a8cdfbc2b8ee84a,DO,Error reading,2024-04-22T05:48:32.249782-04:00,April
662632b29a8cdfbc2b8ee921,PH,Error reading,2024-04-22T05:49:38.771164-04:00,April
662632ef9a8cdfbc2b8ee9e2,DO,Error reading,2024-04-22T05:50:39.790093-04:00,April
662633329a8cdfbc2b8eeab9,PH,Error reading,2024-04-22T05:51:46.317227-04:00,April
6626336f9a8cdfbc2b8eeb7a,DO,Error reading,2024-04-22T05:52:47.344481-04:00,April
662633b19a8cdfbc2b8eec51,PH,Error reading,2024-04-22T05:53:53.860363-04:00,April
662633ee9a8cdfbc2b8eed12,DO,Error reading,2024-04-22T05:54:54.894157-04:00,April
662634319a8cdfbc2b8eede9,PH,Error reading,2024-04-22T05:56:01.409868-04:00,April
6626346e9a8cdfbc2b8eeeaa,DO,Error reading,2024-04-22T05:57:02.430686-04:00,April
662634b09a8cdfbc2b8eef81,PH,Error reading,2024-04-22T05:58:08.948312-04:00,April
662634ed9a8cdfbc2b8ef042,DO,Error reading,2024-04-22T05:59:09.973171-04:00,April
662635309a8cdfbc2b8ef119,PH,Error reading,2024-04-22T06:00:16.494985-04:00,April
6626356d9a8cdfbc2b8ef1da,DO,Error reading,2024-04-22T06:01:17.515763-04:00,April
662635b09a8cdfbc2b8ef2b1,PH,Error reading,2024-04-22T06:02:24.036884-04:00,April
662635ed9a8cdfbc2b8ef372,DO,Error reading,2024-04-22T06:03:25.057515-04:00,April
6626362f9a8cdfbc2b8ef449,PH,Error reading,2024-04-22T06:04:31.573987-04:00,April
6626366c9a8cdfbc2b8ef50a,DO,Error reading,2024-04-22T06:05:32.592987-04:00,April
662636af9a8cdfbc2b8ef5e1,PH,Error reading,2024-04-22T06:06:39.117080-04:00,April
662636ec9a8cdfbc2b8ef6a2,DO,Error reading,2024-04-22T06:07:40.138900-04:00,April
6626372e9a8cdfbc2b8ef779,PH,Error reading,2024-04-22T06:08:46.660858-04:00,April
6626376b9a8cdfbc2b8ef83a,DO,Error reading,2024-04-22T06:09:47.677851-04:00,April
662637ae9a8cdfbc2b8ef911,PH,Error reading,2024-04-22T06:10:54.192908-04:00,April
662637eb9a8cdfbc2b8ef9d2,DO,Error reading,2024-04-22T06:11:55.214940-04:00,April
6626382d9a8cdfbc2b8efaa9,PH,Error reading,2024-04-22T06:13:01.738846-04:00,April
6626386a9a8cdfbc2b8efb6a,DO,Error reading,2024-04-22T06:14:02.759655-04:00,April
662638ad9a8cdfbc2b8efc41,PH,Error reading,2024-04-22T06:15:09.282790-04:00,April
662638ea9a8cdfbc2b8efd02,DO,Error reading,2024-04-22T06:16:10.308363-04:00,April
6626392c9a8cdfbc2b8efdd9,PH,Error reading,2024-04-22T06:17:16.824251-04:00,April
662639699a8cdfbc2b8efe9a,DO,Error reading,2024-04-22T06:18:17.845279-04:00,April
662639ac9a8cdfbc2b8eff71,PH,Error reading,2024-04-22T06:19:24.362385-04:00,April
662639e99a8cdfbc2b8f0032,DO,Error reading,2024-04-22T06:20:25.384416-04:00,April
66263a2b9a8cdfbc2b8f0109,PH,Error reading,2024-04-22T06:21:31.900346-04:00,April
66263a689a8cdfbc2b8f01ca,DO,Error reading,2024-04-22T06:22:32.921591-04:00,April
66263aab9a8cdfbc2b8f02a1,PH,Error reading,2024-04-22T06:23:39.438235-04:00,April
66263ae89a8cdfbc2b8f0362,DO,Error reading,2024-04-22T06:24:40.459494-04:00,April
66263b2a9a8cdfbc2b8f0439,PH,Error reading,2024-04-22T06:25:46.977313-04:00,April
66263b689a8cdfbc2b8f04fa,DO,Error reading,2024-04-22T06:26:48.001982-04:00,April
66263baa9a8cdfbc2b8f05d1,PH,Error reading,2024-04-22T06:27:54.536689-04:00,April
66263be79a8cdfbc2b8f0692,DO,Error reading,2024-04-22T06:28:55.558969-04:00,April
66263c2a9a8cdfbc2b8f0769,PH,Error reading,2024-04-22T06:30:02.069373-04:00,April
66263c679a8cdfbc2b8f082a,DO,Error reading,2024-04-22T06:31:03.096598-04:00,April
66263ca99a8cdfbc2b8f0901,PH,Error reading,2024-04-22T06:32:09.617924-04:00,April
66263ce69a8cdfbc2b8f09c2,DO,Error reading,2024-04-22T06:33:10.640803-04:00,April
66263d299a8cdfbc2b8f0a99,PH,Error reading,2024-04-22T06:34:17.154158-04:00,April
66263d669a8cdfbc2b8f0b5a,DO,Error reading,2024-04-22T06:35:18.176713-04:00,April
66263da89a8cdfbc2b8f0c31,PH,Error reading,2024-04-22T06:36:24.692640-04:00,April
66263de59a8cdfbc2b8f0cf2,DO,Error reading,2024-04-22T06:37:25.713878-04:00,April
66263e289a8cdfbc2b8f0dc9,PH,Error reading,2024-04-22T06:38:32.230953-04:00,April
66263e659a8cdfbc2b8f0e8a,DO,Error reading,2024-04-22T06:39:33.253051-04:00,April
66263ea79a8cdfbc2b8f0f61,PH,Error reading,2024-04-22T06:40:39.769629-04:00,April
66263ee49a8cdfbc2b8f1022,DO,Error reading,2024-04-22T06:41:40.792079-04:00,April
66263f279a8cdfbc2b8f10f9,PH,Error reading,2024-04-22T06:42:47.310527-04:00,April
66263f649a8cdfbc2b8f11ba,DO,Error reading,2024-04-22T06:43:48.332450-04:00,April
66263fa69a8cdfbc2b8f1291,PH,Error reading,2024-04-22T06:44:54.853617-04:00,April
66263fe39a8cdfbc2b8f1352,DO,Error reading,2024-04-22T06:45:55.879181-04:00,April
662640269a8cdfbc2b8f1429,PH,Error reading,2024-04-22T06:47:02.405958-04:00,April
662640639a8cdfbc2b8f14ea,DO,Error reading,2024-04-22T06:48:03.420161-04:00,April
662640a59a8cdfbc2b8f15c1,PH,Error reading,2024-04-22T06:49:09.943885-04:00,April
662640e29a8cdfbc2b8f1682,DO,Error reading,2024-04-22T06:50:10.967615-04:00,April
662641259a8cdfbc2b8f1759,PH,Error reading,2024-04-22T06:51:17.494056-04:00,April
662641629a8cdfbc2b8f181a,DO,Error reading,2024-04-22T06:52:18.520072-04:00,April
662641a59a8cdfbc2b8f18f1,PH,Error reading,2024-04-22T06:53:25.035584-04:00,April
662641e29a8cdfbc2b8f19b2,DO,Error reading,2024-04-22T06:54:26.056389-04:00,April
662642249a8cdfbc2b8f1a89,PH,Error reading,2024-04-22T06:55:32.578520-04:00,April
662642619a8cdfbc2b8f1b4a,DO,Error reading,2024-04-22T06:56:33.600531-04:00,April
662642a49a8cdfbc2b8f1c21,PH,Error reading,2024-04-22T06:57:40.108544-04:00,April
662642e19a8cdfbc2b8f1ce2,DO,Error reading,2024-04-22T06:58:41.134358-04:00,April
662643239a8cdfbc2b8f1db9,PH,Error reading,2024-04-22T06:59:47.645039-04:00,April
662643609a8cdfbc2b8f1e7a,DO,Error reading,2024-04-22T07:00:48.667456-04:00,April
662643a39a8cdfbc2b8f1f51,PH,Error reading,2024-04-22T07:01:55.181519-04:00,April
662643e09a8cdfbc2b8f2012,DO,Error reading,2024-04-22T07:02:56.214575-04:00,April
662644229a8cdfbc2b8f20e9,PH,Error reading,2024-04-22T07:04:02.724466-04:00,April
6626445f9a8cdfbc2b8f21aa,DO,Error reading,2024-04-22T07:05:03.750222-04:00,April
662644a29a8cdfbc2b8f2281,PH,Error reading,2024-04-22T07:06:10.267026-04:00,April
662644df9a8cdfbc2b8f2342,DO,Error reading,2024-04-22T07:07:11.295949-04:00,April
662645219a8cdfbc2b8f2419,PH,Error reading,2024-04-22T07:08:17.815315-04:00,April
6626455e9a8cdfbc2b8f24da,DO,Error reading,2024-04-22T07:09:18.839095-04:00,April
662645a19a8cdfbc2b8f25b1,PH,Error reading,2024-04-22T07:10:25.479636-04:00,April
662645de9a8cdfbc2b8f2672,DO,Error reading,2024-04-22T07:11:26.611782-04:00,April
662646219a8cdfbc2b8f2749,PH,Error reading,2024-04-22T07:12:33.256934-04:00,April
6626465e9a8cdfbc2b8f280a,DO,Error reading,2024-04-22T07:13:34.388489-04:00,April
662646a19a8cdfbc2b8f28e1,PH,Error reading,2024-04-22T07:14:41.032826-04:00,April
662646de9a8cdfbc2b8f29a2,DO,Error reading,2024-04-22T07:15:42.166986-04:00,April
662647209a8cdfbc2b8f2a79,PH,Error reading,2024-04-22T07:16:48.805595-04:00,April
6626475d9a8cdfbc2b8f2b3a,DO,Error reading,2024-04-22T07:17:49.941183-04:00,April
662647a09a8cdfbc2b8f2c11,PH,Error reading,2024-04-22T07:18:56.583831-04:00,April
662647dd9a8cdfbc2b8f2cd2,DO,Error reading,2024-04-22T07:19:57.716371-04:00,April
662648209a8cdfbc2b8f2da9,PH,Error reading,2024-04-22T07:21:04.360538-04:00,April
6626485d9a8cdfbc2b8f2e6a,DO,Error reading,2024-04-22T07:22:05.492921-04:00,April
662648a09a8cdfbc2b8f2f41,PH,Error reading,2024-04-22T07:23:12.135437-04:00,April
662648dd9a8cdfbc2b8f3002,DO,Error reading,2024-04-22T07:24:13.265717-04:00,April
6626491f9a8cdfbc2b8f30d9,PH,Error reading,2024-04-22T07:25:19.906195-04:00,April
6626495d9a8cdfbc2b8f319a,DO,Error reading,2024-04-22T07:26:21.032252-04:00,April
6626499f9a8cdfbc2b8f3271,PH,Error reading,2024-04-22T07:27:27.678167-04:00,April
662649dc9a8cdfbc2b8f3332,DO,Error reading,2024-04-22T07:28:28.808103-04:00,April
66264a1f9a8cdfbc2b8f3409,PH,Error reading,2024-04-22T07:29:35.452098-04:00,April
66264a5c9a8cdfbc2b8f34ca,DO,Error reading,2024-04-22T07:30:36.590172-04:00,April
66264a9f9a8cdfbc2b8f35a1,PH,Error reading,2024-04-22T07:31:43.226286-04:00,April
66264adc9a8cdfbc2b8f3662,DO,Error reading,2024-04-22T07:32:44.361115-04:00,April
66264b1f9a8cdfbc2b8f3739,PH,Error reading,2024-04-22T07:33:51.008162-04:00,April
66264b5c9a8cdfbc2b8f37fa,DO,Error reading,2024-04-22T07:34:52.141788-04:00,April
66264b9e9a8cdfbc2b8f38d1,PH,Error reading,2024-04-22T07:35:58.783141-04:00,April
66264bdb9a8cdfbc2b8f3992,DO,Error reading,2024-04-22T07:36:59.916224-04:00,April
66264c1e9a8cdfbc2b8f3a69,PH,Error reading,2024-04-22T07:38:06.559429-04:00,April
66264c5b9a8cdfbc2b8f3b2a,DO,Error reading,2024-04-22T07:39:07.691717-04:00,April
66264c9e9a8cdfbc2b8f3c01,PH,Error reading,2024-04-22T07:40:14.333391-04:00,April
66264cdb9a8cdfbc2b8f3cc2,DO,Error reading,2024-04-22T07:41:15.470245-04:00,April
66264d1e9a8cdfbc2b8f3d99,PH,Error reading,2024-04-22T07:42:22.114962-04:00,April
66264d5b9a8cdfbc2b8f3e5a,DO,Error reading,2024-04-22T07:43:23.249734-04:00,April
66264d9d9a8cdfbc2b8f3f31,PH,Error reading,2024-04-22T07:44:29.889685-04:00,April
66264ddb9a8cdfbc2b8f3ff2,DO,Error reading,2024-04-22T07:45:31.028366-04:00,April
66264e1d9a8cdfbc2b8f40c9,PH,Error reading,2024-04-22T07:46:37.679894-04:00,April
66264e5a9a8cdfbc2b8f418a,DO,Error reading,2024-04-22T07:47:38.824648-04:00,April
66264e9d9a8cdfbc2b8f4261,PH,Error reading,2024-04-22T07:48:45.484728-04:00,April
66264eda9a8cdfbc2b8f4322,DO,Error reading,2024-04-22T07:49:46.625858-04:00,April
66264f1d9a8cdfbc2b8f43f9,PH,Error reading,2024-04-22T07:50:53.269016-04:00,April
66264f5a9a8cdfbc2b8f44ba,DO,Error reading,2024-04-22T07:51:54.407803-04:00,April
66264f9d9a8cdfbc2b8f4591,PH,Error reading,2024-04-22T07:53:01.060996-04:00,April
66264fda9a8cdfbc2b8f4652,DO,Error reading,2024-04-22T07:54:02.202098-04:00,April
6626501c9a8cdfbc2b8f4729,PH,Error reading,2024-04-22T07:55:08.853719-04:00,April
662650599a8cdfbc2b8f47ea,DO,Error reading,2024-04-22T07:56:09.988673-04:00,April
6626509c9a8cdfbc2b8f48c1,PH,Error reading,2024-04-22T07:57:16.644259-04:00,April
662650d99a8cdfbc2b8f4982,DO,Error reading,2024-04-22T07:58:17.854607-04:00,April
6626511c9a8cdfbc2b8f4a59,PH,Error reading,2024-04-22T07:59:24.508926-04:00,April
662651599a8cdfbc2b8f4b1a,DO,Error reading,2024-04-22T08:00:25.645305-04:00,April
6626519c9a8cdfbc2b8f4bf1,PH,Error reading,2024-04-22T08:01:32.310058-04:00,April
662651d99a8cdfbc2b8f4cb2,DO,Error reading,2024-04-22T08:02:33.441365-04:00,April
6626521c9a8cdfbc2b8f4d89,PH,Error reading,2024-04-22T08:03:40.085275-04:00,April
662652599a8cdfbc2b8f4e4a,DO,Error reading,2024-04-22T08:04:41.223467-04:00,April
6626529b9a8cdfbc2b8f4f21,PH,Error reading,2024-04-22T08:05:47.879114-04:00,April
662652d99a8cdfbc2b8f4fe2,DO,Error reading,2024-04-22T08:06:49.035381-04:00,April
6626531b9a8cdfbc2b8f50b9,PH,Error reading,2024-04-22T08:07:55.702372-04:00,April
662653589a8cdfbc2b8f517a,DO,Error reading,2024-04-22T08:08:56.857324-04:00,April
6626539b9a8cdfbc2b8f5251,PH,Error reading,2024-04-22T08:10:03.504734-04:00,April
662653d89a8cdfbc2b8f5312,DO,Error reading,2024-04-22T08:11:04.655306-04:00,April
6626541b9a8cdfbc2b8f53e9,PH,Error reading,2024-04-22T08:12:11.303549-04:00,April
662654589a8cdfbc2b8f54aa,DO,Error reading,2024-04-22T08:13:12.449292-04:00,April
6626549b9a8cdfbc2b8f5581,PH,Error reading,2024-04-22T08:14:19.108720-04:00,April
662654d89a8cdfbc2b8f5642,DO,Error reading,2024-04-22T08:15:20.253457-04:00,April
6626551a9a8cdfbc2b8f5719,PH,Error reading,2024-04-22T08:16:26.915706-04:00,April
662655589a8cdfbc2b8f57da,DO,Error reading,2024-04-22T08:17:28.066338-04:00,April
6626559a9a8cdfbc2b8f58b1,PH,Error reading,2024-04-22T08:18:34.730806-04:00,April
662655d79a8cdfbc2b8f5972,DO,Error reading,2024-04-22T08:19:35.888472-04:00,April
6626561a9a8cdfbc2b8f5a49,PH,Error reading,2024-04-22T08:20:42.554238-04:00,April
662656579a8cdfbc2b8f5b0a,DO,Error reading,2024-04-22T08:21:43.705002-04:00,April
6626569a9a8cdfbc2b8f5be1,PH,Error reading,2024-04-22T08:22:50.365384-04:00,April
662656d79a8cdfbc2b8f5ca2,DO,Error reading,2024-04-22T08:23:51.517096-04:00,April
6626571a9a8cdfbc2b8f5d79,PH,Error reading,2024-04-22T08:24:58.177707-04:00,April
662657579a8cdfbc2b8f5e3a,DO,Error reading,2024-04-22T08:25:59.325745-04:00,April
662657999a8cdfbc2b8f5f11,PH,Error reading,2024-04-22T08:27:05.973254-04:00,April
662657d79a8cdfbc2b8f5fd2,DO,Error reading,2024-04-22T08:28:07.119687-04:00,April
662658199a8cdfbc2b8f60a9,PH,Error reading,2024-04-22T08:29:13.784583-04:00,April
662658569a8cdfbc2b8f616a,DO,Error reading,2024-04-22T08:30:14.938571-04:00,April
662658999a8cdfbc2b8f6241,PH,Error reading,2024-04-22T08:31:21.607322-04:00,April
662658d69a8cdfbc2b8f6302,DO,Error reading,2024-04-22T08:32:22.763145-04:00,April
662659199a8cdfbc2b8f63d9,PH,Error reading,2024-04-22T08:33:29.426385-04:00,April
662659569a8cdfbc2b8f649a,DO,Error reading,2024-04-22T08:34:30.579134-04:00,April
662659999a8cdfbc2b8f6571,PH,Error reading,2024-04-22T08:35:37.247521-04:00,April
662659d69a8cdfbc2b8f6632,DO,Error reading,2024-04-22T08:36:38.471827-04:00,April
66265a199a8cdfbc2b8f6709,PH,Error reading,2024-04-22T08:37:45.138677-04:00,April
66265a569a8cdfbc2b8f67ca,DO,Error reading,2024-04-22T08:38:46.289182-04:00,April
66265a989a8cdfbc2b8f68a1,PH,Error reading,2024-04-22T08:39:52.949114-04:00,April
66265ad69a8cdfbc2b8f6962,DO,Error reading,2024-04-22T08:40:54.107429-04:00,April
66265b189a8cdfbc2b8f6a39,PH,Error reading,2024-04-22T08:42:00.833585-04:00,April
66265b559a8cdfbc2b8f6afa,DO,Error reading,2024-04-22T08:43:01.991148-04:00,April
66265b989a8cdfbc2b8f6bd1,PH,Error reading,2024-04-22T08:44:08.655696-04:00,April
66265bd59a8cdfbc2b8f6c92,DO,Error reading,2024-04-22T08:45:09.810891-04:00,April
66265c189a8cdfbc2b8f6d69,PH,Error reading,2024-04-22T08:46:16.469669-04:00,April
66265c559a8cdfbc2b8f6e2a,DO,Error reading,2024-04-22T08:47:17.618000-04:00,April
66265c989a8cdfbc2b8f6f01,PH,Error reading,2024-04-22T08:48:24.278096-04:00,April
66265cd59a8cdfbc2b8f6fc2,DO,Error reading,2024-04-22T08:49:25.435331-04:00,April
66265d189a8cdfbc2b8f7099,PH,Error reading,2024-04-22T08:50:32.095900-04:00,April
66265d559a8cdfbc2b8f715a,DO,Error reading,2024-04-22T08:51:33.253140-04:00,April
66265d979a8cdfbc2b8f7231,PH,Error reading,2024-04-22T08:52:39.919986-04:00,April
66265dd59a8cdfbc2b8f72f2,DO,Error reading,2024-04-22T08:53:41.073962-04:00,April
66265e179a8cdfbc2b8f73c9,PH,Error reading,2024-04-22T08:54:47.734213-04:00,April
66265e549a8cdfbc2b8f748a,DO,Error reading,2024-04-22T08:55:48.967352-04:00,April
66265e979a8cdfbc2b8f7561,PH,Error reading,2024-04-22T08:56:55.554909-04:00,April
66265ed49a8cdfbc2b8f7622,DO,Error reading,2024-04-22T08:57:56.760563-04:00,April
66265f179a8cdfbc2b8f76f9,PH,Error reading,2024-04-22T08:59:03.374408-04:00,April
66265f549a8cdfbc2b8f77ba,DO,Error reading,2024-04-22T09:00:04.528310-04:00,April
66265f979a8cdfbc2b8f7891,PH,Error reading,2024-04-22T09:01:11.197955-04:00,April
66265fd49a8cdfbc2b8f7952,DO,Error reading,2024-04-22T09:02:12.347877-04:00,April
662660179a8cdfbc2b8f7a29,PH,Error reading,2024-04-22T09:03:19.011747-04:00,April
662660549a8cdfbc2b8f7aea,DO,Error reading,2024-04-22T09:04:20.158929-04:00,April
662660969a8cdfbc2b8f7bc1,PH,Error reading,2024-04-22T09:05:26.828185-04:00,April
662660d39a8cdfbc2b8f7c82,DO,Error reading,2024-04-22T09:06:27.977189-04:00,April
662661169a8cdfbc2b8f7d59,PH,Error reading,2024-04-22T09:07:34.640641-04:00,April
662661539a8cdfbc2b8f7e1a,DO,Error reading,2024-04-22T09:08:35.794010-04:00,April
662661969a8cdfbc2b8f7ef1,PH,Error reading,2024-04-22T09:09:42.461992-04:00,April
662661d39a8cdfbc2b8f7fb2,DO,Error reading,2024-04-22T09:10:43.613995-04:00,April
662662169a8cdfbc2b8f8089,PH,Error reading,2024-04-22T09:11:50.280184-04:00,April
662662539a8cdfbc2b8f814a,DO,Error reading,2024-04-22T09:12:51.430844-04:00,April
662662969a8cdfbc2b8f8221,PH,Error reading,2024-04-22T09:13:58.092229-04:00,April
662662d39a8cdfbc2b8f82e2,DO,Error reading,2024-04-22T09:14:59.238678-04:00,April
662663159a8cdfbc2b8f83b9,PH,Error reading,2024-04-22T09:16:05.906160-04:00,April
662663539a8cdfbc2b8f847a,DO,Error reading,2024-04-22T09:17:07.052758-04:00,April
662663959a8cdfbc2b8f8551,PH,Error reading,2024-04-22T09:18:13.716726-04:00,April
662663d29a8cdfbc2b8f8612,DO,Error reading,2024-04-22T09:19:14.869858-04:00,April
662664159a8cdfbc2b8f86e9,PH,Error reading,2024-04-22T09:20:21.535889-04:00,April
662664529a8cdfbc2b8f87aa,DO,Error reading,2024-04-22T09:21:22.687633-04:00,April
662664959a8cdfbc2b8f8881,PH,Error reading,2024-04-22T09:22:29.357693-04:00,April
662664d29a8cdfbc2b8f8942,DO,Error reading,2024-04-22T09:23:30.513074-04:00,April
662665159a8cdfbc2b8f8a19,PH,Error reading,2024-04-22T09:24:37.178755-04:00,April
662665529a8cdfbc2b8f8ada,DO,Error reading,2024-04-22T09:25:38.327807-04:00,April
662665949a8cdfbc2b8f8bb1,PH,Error reading,2024-04-22T09:26:44.984674-04:00,April
662665d29a8cdfbc2b8f8c72,DO,Error reading,2024-04-22T09:27:46.136987-04:00,April
662666149a8cdfbc2b8f8d49,PH,Error reading,2024-04-22T09:28:52.849663-04:00,April
662666519a8cdfbc2b8f8e0a,DO,Error reading,2024-04-22T09:29:53.995056-04:00,April
662666949a8cdfbc2b8f8ee1,PH,Error reading,2024-04-22T09:31:00.655086-04:00,April
662666d19a8cdfbc2b8f8fa2,DO,Error reading,2024-04-22T09:32:01.816869-04:00,April
662667149a8cdfbc2b8f9079,PH,Error reading,2024-04-22T09:33:08.480078-04:00,April
662667519a8cdfbc2b8f913a,DO,Error reading,2024-04-22T09:34:09.633112-04:00,April
662667949a8cdfbc2b8f9211,PH,Error reading,2024-04-22T09:35:16.298248-04:00,April
662667d19a8cdfbc2b8f92d2,DO,Error reading,2024-04-22T09:36:17.454174-04:00,April
662668149a8cdfbc2b8f93a9,PH,Error reading,2024-04-22T09:37:24.113308-04:00,April
662668519a8cdfbc2b8f946a,DO,Error reading,2024-04-22T09:38:25.266043-04:00,April
662668939a8cdfbc2b8f9541,PH,Error reading,2024-04-22T09:39:31.933178-04:00,April
662668d19a8cdfbc2b8f9602,DO,Error reading,2024-04-22T09:40:33.080780-04:00,April
662669139a8cdfbc2b8f96d9,PH,Error reading,2024-04-22T09:41:39.737388-04:00,April
662669509a8cdfbc2b8f979a,DO,Error reading,2024-04-22T09:42:40.892896-04:00,April
662669939a8cdfbc2b8f9871,PH,Error reading,2024-04-22T09:43:47.553201-04:00,April
662669d09a8cdfbc2b8f9932,DO,Error reading,2024-04-22T09:44:48.697629-04:00,April
66266a139a8cdfbc2b8f9a09,PH,Error reading,2024-04-22T09:45:55.362517-04:00,April
66266a509a8cdfbc2b8f9aca,DO,Error reading,2024-04-22T09:46:56.521452-04:00,April
66266a939a8cdfbc2b8f9ba1,PH,Error reading,2024-04-22T09:48:03.182060-04:00,April
66266ad09a8cdfbc2b8f9c62,DO,Error reading,2024-04-22T09:49:04.337943-04:00,April
66266b129a8cdfbc2b8f9d39,PH,Error reading,2024-04-22T09:50:10.999786-04:00,April
66266b509a8cdfbc2b8f9dfa,DO,Error reading,2024-04-22T09:51:12.151192-04:00,April
66266b929a8cdfbc2b8f9ed1,PH,Error reading,2024-04-22T09:52:18.815134-04:00,April
66266bcf9a8cdfbc2b8f9f92,DO,Error reading,2024-04-22T09:53:19.968725-04:00,April
66266c129a8cdfbc2b8fa069,PH,Error reading,2024-04-22T09:54:26.628600-04:00,April
66266c4f9a8cdfbc2b8fa12a,DO,Error reading,2024-04-22T09:55:27.785550-04:00,April
66266c929a8cdfbc2b8fa201,PH,Error reading,2024-04-22T09:56:34.458240-04:00,April
66266ccf9a8cdfbc2b8fa2c2,DO,Error reading,2024-04-22T09:57:35.613508-04:00,April
66266d129a8cdfbc2b8fa399,PH,Error reading,2024-04-22T09:58:42.274653-04:00,April
66266d4f9a8cdfbc2b8fa45a,DO,Error reading,2024-04-22T09:59:43.424215-04:00,April
66266d929a8cdfbc2b8fa531,PH,Error reading,2024-04-22T10:00:50.083740-04:00,April
66266dcf9a8cdfbc2b8fa5f2,DO,Error reading,2024-04-22T10:01:51.241749-04:00,April
66266e119a8cdfbc2b8fa6c9,PH,Error reading,2024-04-22T10:02:57.910572-04:00,April
66266e4f9a8cdfbc2b8fa78a,DO,Error reading,2024-04-22T10:03:59.065556-04:00,April
66266e919a8cdfbc2b8fa861,PH,Error reading,2024-04-22T10:05:05.731641-04:00,April
66266ece9a8cdfbc2b8fa922,DO,Error reading,2024-04-22T10:06:06.885610-04:00,April
66266f119a8cdfbc2b8fa9f9,PH,Error reading,2024-04-22T10:07:13.553608-04:00,April
66266f4e9a8cdfbc2b8faaba,DO,Error reading,2024-04-22T10:08:14.708738-04:00,April
66266f919a8cdfbc2b8fab91,PH,Error reading,2024-04-22T10:09:21.375631-04:00,April
66266fce9a8cdfbc2b8fac52,DO,Error reading,2024-04-22T10:10:22.527564-04:00,April
662670119a8cdfbc2b8fad29,PH,Error reading,2024-04-22T10:11:29.190136-04:00,April
6626704e9a8cdfbc2b8fadea,DO,Error reading,2024-04-22T10:12:30.345371-04:00,April
662670919a8cdfbc2b8faec1,PH,Error reading,2024-04-22T10:13:37.009558-04:00,April
662670ce9a8cdfbc2b8faf82,DO,Error reading,2024-04-22T10:14:38.164447-04:00,April
662671109a8cdfbc2b8fb059,PH,Error reading,2024-04-22T10:15:44.896712-04:00,April
6626714e9a8cdfbc2b8fb11a,DO,Error reading,2024-04-22T10:16:46.046546-04:00,April
662671909a8cdfbc2b8fb1f1,PH,Error reading,2024-04-22T10:17:52.714351-04:00,April
662671cd9a8cdfbc2b8fb2b2,DO,Error reading,2024-04-22T10:18:53.870339-04:00,April
662672109a8cdfbc2b8fb389,PH,Error reading,2024-04-22T10:20:00.529535-04:00,April
6626724d9a8cdfbc2b8fb44a,DO,Error reading,2024-04-22T10:21:01.675456-04:00,April
662672909a8cdfbc2b8fb521,PH,Error reading,2024-04-22T10:22:08.336245-04:00,April
662672cd9a8cdfbc2b8fb5e2,DO,Error reading,2024-04-22T10:23:09.488693-04:00,April
662673109a8cdfbc2b8fb6b9,PH,Error reading,2024-04-22T10:24:16.144397-04:00,April
6626734d9a8cdfbc2b8fb77a,DO,Error reading,2024-04-22T10:25:17.293963-04:00,April
6626738f9a8cdfbc2b8fb851,PH,Error reading,2024-04-22T10:26:23.942032-04:00,April
662673cd9a8cdfbc2b8fb912,DO,Error reading,2024-04-22T10:27:25.093658-04:00,April
6626740f9a8cdfbc2b8fb9e9,PH,Error reading,2024-04-22T10:28:31.750626-04:00,April
6626744c9a8cdfbc2b8fbaaa,DO,Error reading,2024-04-22T10:29:32.902803-04:00,April
6626748f9a8cdfbc2b8fbb81,PH,Error reading,2024-04-22T10:30:39.570816-04:00,April
662674cc9a8cdfbc2b8fbc42,DO,Error reading,2024-04-22T10:31:40.721185-04:00,April
6626750f9a8cdfbc2b8fbd19,PH,Error reading,2024-04-22T10:32:47.377412-04:00,April
6626754c9a8cdfbc2b8fbdda,DO,Error reading,2024-04-22T10:33:48.515259-04:00,April
6626758f9a8cdfbc2b8fbeb1,PH,Error reading,2024-04-22T10:34:55.174500-04:00,April
662675cc9a8cdfbc2b8fbf72,DO,Error reading,2024-04-22T10:35:56.329442-04:00,April
6626760e9a8cdfbc2b8fc049,PH,Error reading,2024-04-22T10:37:02.974700-04:00,April
6626764c9a8cdfbc2b8fc10a,DO,Error reading,2024-04-22T10:38:04.122284-04:00,April
6626768e9a8cdfbc2b8fc1e1,PH,Error reading,2024-04-22T10:39:10.786793-04:00,April
662676cb9a8cdfbc2b8fc2a2,DO,Error reading,2024-04-22T10:40:11.911848-04:00,April
6626770e9a8cdfbc2b8fc379,PH,Error reading,2024-04-22T10:41:18.548380-04:00,April
6626774b9a8cdfbc2b8fc43a,DO,Error reading,2024-04-22T10:42:19.670991-04:00,April
6626778e9a8cdfbc2b8fc511,PH,Error reading,2024-04-22T10:43:26.355115-04:00,April
662677cb9a8cdfbc2b8fc5d2,DO,Error reading,2024-04-22T10:44:27.535890-04:00,April
6626780e9a8cdfbc2b8fc6a9,PH,Error reading,2024-04-22T10:45:34.160286-04:00,April
6626784b9a8cdfbc2b8fc76a,DO,Error reading,2024-04-22T10:46:35.301664-04:00,April
6626788d9a8cdfbc2b8fc841,PH,Error reading,2024-04-22T10:47:41.952542-04:00,April
662678cb9a8cdfbc2b8fc902,DO,Error reading,2024-04-22T10:48:43.109216-04:00,April
6626790d9a8cdfbc2b8fc9d9,PH,Error reading,2024-04-22T10:49:49.762125-04:00,April
6626794a9a8cdfbc2b8fca9a,DO,Error reading,2024-04-22T10:50:50.906572-04:00,April
6626798d9a8cdfbc2b8fcb71,PH,Error reading,2024-04-22T10:51:57.568536-04:00,April
662679ca9a8cdfbc2b8fcc32,DO,Error reading,2024-04-22T10:52:58.722684-04:00,April
66267a0d9a8cdfbc2b8fcd09,PH,Error reading,2024-04-22T10:54:05.379406-04:00,April
66267a4a9a8cdfbc2b8fcdca,DO,Error reading,2024-04-22T10:55:06.523923-04:00,April
66267a8d9a8cdfbc2b8fcea1,PH,Error reading,2024-04-22T10:56:13.181782-04:00,April
66267aca9a8cdfbc2b8fcf62,DO,Error reading,2024-04-22T10:57:14.327887-04:00,April
66267b0c9a8cdfbc2b8fd039,PH,Error reading,2024-04-22T10:58:20.983466-04:00,April
66267b4a9a8cdfbc2b8fd0fa,DO,Error reading,2024-04-22T10:59:22.133490-04:00,April
66267b8c9a8cdfbc2b8fd1d1,PH,Error reading,2024-04-22T11:00:28.794169-04:00,April
66267bc99a8cdfbc2b8fd292,DO,Error reading,2024-04-22T11:01:29.938555-04:00,April
66267c0c9a8cdfbc2b8fd369,PH,Error reading,2024-04-22T11:02:36.596035-04:00,April
66267c499a8cdfbc2b8fd42a,DO,Error reading,2024-04-22T11:03:37.738686-04:00,April
66267c8c9a8cdfbc2b8fd501,PH,Error reading,2024-04-22T11:04:44.393861-04:00,April
66267cc99a8cdfbc2b8fd5c2,DO,Error reading,2024-04-22T11:05:45.536254-04:00,April
66267d0c9a8cdfbc2b8fd699,PH,Error reading,2024-04-22T11:06:52.191049-04:00,April
66267d499a8cdfbc2b8fd75a,DO,Error reading,2024-04-22T11:07:53.332494-04:00,April
66267d8b9a8cdfbc2b8fd831,PH,Error reading,2024-04-22T11:08:59.987968-04:00,April
66267dc99a8cdfbc2b8fd8f2,DO,Error reading,2024-04-22T11:10:01.130598-04:00,April
66267e0b9a8cdfbc2b8fd9c9,PH,Error reading,2024-04-22T11:11:07.784641-04:00,April
66267e489a8cdfbc2b8fda8a,DO,Error reading,2024-04-22T11:12:08.931574-04:00,April
66267e8b9a8cdfbc2b8fdb61,PH,Error reading,2024-04-22T11:13:15.582613-04:00,April
66267ec89a8cdfbc2b8fdc22,DO,Error reading,2024-04-22T11:14:16.728736-04:00,April
66267f0b9a8cdfbc2b8fdcf9,PH,Error reading,2024-04-22T11:15:23.381406-04:00,April
66267f489a8cdfbc2b8fddba,DO,Error reading,2024-04-22T11:16:24.526756-04:00,April
66267f8b9a8cdfbc2b8fde91,PH,Error reading,2024-04-22T11:17:31.187663-04:00,April
66267fc89a8cdfbc2b8fdf52,DO,Error reading,2024-04-22T11:18:32.333160-04:00,April
6626800a9a8cdfbc2b8fe029,PH,Error reading,2024-04-22T11:19:38.991689-04:00,April
662680489a8cdfbc2b8fe0ea,DO,Error reading,2024-04-22T11:20:40.121437-04:00,April
6626808a9a8cdfbc2b8fe1c1,PH,Error reading,2024-04-22T11:21:46.767935-04:00,April
662680c79a8cdfbc2b8fe282,DO,Error reading,2024-04-22T11:22:47.910945-04:00,April
6626810a9a8cdfbc2b8fe359,PH,Error reading,2024-04-22T11:23:54.570762-04:00,April
662681479a8cdfbc2b8fe41a,DO,Error reading,2024-04-22T11:24:55.722024-04:00,April
6626818a9a8cdfbc2b8fe4f1,PH,Error reading,2024-04-22T11:26:02.380894-04:00,April
662681c79a8cdfbc2b8fe5b2,DO,Error reading,2024-04-22T11:27:03.518328-04:00,April
6626820a9a8cdfbc2b8fe689,PH,Error reading,2024-04-22T11:28:10.174769-04:00,April
662682479a8cdfbc2b8fe74a,DO,Error reading,2024-04-22T11:29:11.315686-04:00,April
662682899a8cdfbc2b8fe821,PH,Error reading,2024-04-22T11:30:17.956652-04:00,April
662682c79a8cdfbc2b8fe8e2,DO,Error reading,2024-04-22T11:31:19.096992-04:00,April
662683099a8cdfbc2b8fe9b9,PH,Error reading,2024-04-22T11:32:25.751499-04:00,April
662683469a8cdfbc2b8fea7a,DO,Error reading,2024-04-22T11:33:26.893219-04:00,April
662683899a8cdfbc2b8feb51,PH,Error reading,2024-04-22T11:34:33.610371-04:00,April
662683c69a8cdfbc2b8fec12,DO,Error reading,2024-04-22T11:35:34.753178-04:00,April
662684099a8cdfbc2b8fece9,PH,Error reading,2024-04-22T11:36:41.401395-04:00,April
662684469a8cdfbc2b8fedaa,DO,Error reading,2024-04-22T11:37:42.537268-04:00,April
662684899a8cdfbc2b8fee81,PH,Error reading,2024-04-22T11:38:49.188807-04:00,April
662684c69a8cdfbc2b8fef42,DO,Error reading,2024-04-22T11:39:50.325429-04:00,April
662685089a8cdfbc2b8ff019,PH,Error reading,2024-04-22T11:40:56.976598-04:00,April
662685469a8cdfbc2b8ff0da,DO,Error reading,2024-04-22T11:41:58.114389-04:00,April
662685889a8cdfbc2b8ff1b1,PH,Error reading,2024-04-22T11:43:04.765151-04:00,April
662685c59a8cdfbc2b8ff272,DO,Error reading,2024-04-22T11:44:05.907484-04:00,April
662686089a8cdfbc2b8ff349,PH,Error reading,2024-04-22T11:45:12.552720-04:00,April
662686459a8cdfbc2b8ff40a,DO,Error reading,2024-04-22T11:46:13.693905-04:00,April
662686889a8cdfbc2b8ff4e1,PH,Error reading,2024-04-22T11:47:20.342251-04:00,April
662686c59a8cdfbc2b8ff5a2,DO,Error reading,2024-04-22T11:48:21.480282-04:00,April
662687089a8cdfbc2b8ff679,PH,Error reading,2024-04-22T11:49:28.125941-04:00,April
662687459a8cdfbc2b8ff73a,DO,Error reading,2024-04-22T11:50:29.261534-04:00,April
662687879a8cdfbc2b8ff811,PH,Error reading,2024-04-22T11:51:35.909813-04:00,April
662687c59a8cdfbc2b8ff8d2,DO,Error reading,2024-04-22T11:52:37.050515-04:00,April
662688079a8cdfbc2b8ff9a9,PH,Error reading,2024-04-22T11:53:43.703663-04:00,April
662688449a8cdfbc2b8ffa6a,DO,Error reading,2024-04-22T11:54:44.841853-04:00,April
662688879a8cdfbc2b8ffb41,PH,Error reading,2024-04-22T11:55:51.495245-04:00,April
662688c49a8cdfbc2b8ffc02,DO,Error reading,2024-04-22T11:56:52.642600-04:00,April
662689079a8cdfbc2b8ffcd9,PH,Error reading,2024-04-22T11:57:59.292697-04:00,April
662689449a8cdfbc2b8ffd9a,DO,Error reading,2024-04-22T11:59:00.430979-04:00,April
662689879a8cdfbc2b8ffe71,PH,Error reading,2024-04-22T12:00:07.085040-04:00,April
662689c49a8cdfbc2b8fff32,DO,Error reading,2024-04-22T12:01:08.223005-04:00,April
66268a069a8cdfbc2b900009,PH,Error reading,2024-04-22T12:02:14.871761-04:00,April
66268a449a8cdfbc2b9000ca,DO,Error reading,2024-04-22T12:03:16.012025-04:00,April
66268a869a8cdfbc2b9001a1,PH,Error reading,2024-04-22T12:04:22.662422-04:00,April
66268ac39a8cdfbc2b900262,DO,Error reading,2024-04-22T12:05:23.808333-04:00,April
66268b069a8cdfbc2b900339,PH,Error reading,2024-04-22T12:06:30.456722-04:00,April
66268b439a8cdfbc2b9003fa,DO,Error reading,2024-04-22T12:07:31.601641-04:00,April
66268b869a8cdfbc2b9004d1,PH,Error reading,2024-04-22T12:08:38.251633-04:00,April
66268bc39a8cdfbc2b900592,DO,Error reading,2024-04-22T12:09:39.393193-04:00,April
66268c069a8cdfbc2b900669,PH,Error reading,2024-04-22T12:10:46.048593-04:00,April
66268c439a8cdfbc2b90072a,DO,Error reading,2024-04-22T12:11:47.187233-04:00,April
66268c859a8cdfbc2b900801,PH,Error reading,2024-04-22T12:12:53.842697-04:00,April
66268cc29a8cdfbc2b9008c2,DO,Error reading,2024-04-22T12:13:54.977107-04:00,April
66268d059a8cdfbc2b900999,PH,Error reading,2024-04-22T12:15:01.622253-04:00,April
66268d429a8cdfbc2b900a5a,DO,Error reading,2024-04-22T12:16:02.765672-04:00,April
66268d859a8cdfbc2b900b31,PH,Error reading,2024-04-22T12:17:09.415800-04:00,April
66268dc29a8cdfbc2b900bf2,DO,Error reading,2024-04-22T12:18:10.555723-04:00,April
66268e059a8cdfbc2b900cc9,PH,Error reading,2024-04-22T12:19:17.197477-04:00,April
66268e429a8cdfbc2b900d8a,DO,Error reading,2024-04-22T12:20:18.342964-04:00,April
66268e849a8cdfbc2b900e61,PH,Error reading,2024-04-22T12:21:24.991680-04:00,April
66268ec29a8cdfbc2b900f22,DO,Error reading,2024-04-22T12:22:26.169584-04:00,April
66268f049a8cdfbc2b900ff9,PH,Error reading,2024-04-22T12:23:32.779462-04:00,April
66268f419a8cdfbc2b9010ba,DO,Error reading,2024-04-22T12:24:33.920024-04:00,April
66268f849a8cdfbc2b901191,PH,Error reading,2024-04-22T12:25:40.568963-04:00,April
66268fc19a8cdfbc2b901252,DO,Error reading,2024-04-22T12:26:41.712013-04:00,April
662690049a8cdfbc2b901329,PH,Error reading,2024-04-22T12:27:48.360498-04:00,April
662690419a8cdfbc2b9013ea,DO,Error reading,2024-04-22T12:28:49.496443-04:00,April
662690849a8cdfbc2b9014c1,PH,Error reading,2024-04-22T12:29:56.145766-04:00,April
662690c19a8cdfbc2b901582,DO,Error reading,2024-04-22T12:30:57.287493-04:00,April
662691039a8cdfbc2b901659,PH,Error reading,2024-04-22T12:32:03.935224-04:00,April
662691419a8cdfbc2b90171a,DO,Error reading,2024-04-22T12:33:05.070411-04:00,April
662691839a8cdfbc2b9017f1,PH,Error reading,2024-04-22T12:34:11.718328-04:00,April
662691c09a8cdfbc2b9018b2,DO,Error reading,2024-04-22T12:35:12.857100-04:00,April
662692039a8cdfbc2b901989,PH,Error reading,2024-04-22T12:36:19.506594-04:00,April
662692409a8cdfbc2b901a4a,DO,Error reading,2024-04-22T12:37:20.644442-04:00,April
662692839a8cdfbc2b901b21,PH,Error reading,2024-04-22T12:38:27.292454-04:00,April
662692c09a8cdfbc2b901be2,DO,Error reading,2024-04-22T12:39:28.434963-04:00,April
662693039a8cdfbc2b901cb9,PH,Error reading,2024-04-22T12:40:35.081452-04:00,April
662693409a8cdfbc2b901d7a,DO,Error reading,2024-04-22T12:41:36.218345-04:00,April
662693829a8cdfbc2b901e51,PH,Error reading,2024-04-22T12:42:42.874384-04:00,April
662693c09a8cdfbc2b901f12,DO,Error reading,2024-04-22T12:43:44.004607-04:00,April
662694029a8cdfbc2b901fe9,PH,Error reading,2024-04-22T12:44:50.655083-04:00,April
6626943f9a8cdfbc2b9020aa,DO,Error reading,2024-04-22T12:45:51.791729-04:00,April
662694829a8cdfbc2b902181,PH,Error reading,2024-04-22T12:46:58.442791-04:00,April
662694bf9a8cdfbc2b902242,DO,Error reading,2024-04-22T12:47:59.587714-04:00,April
662695029a8cdfbc2b902319,PH,Error reading,2024-04-22T12:49:06.240663-04:00,April
6626953f9a8cdfbc2b9023da,DO,Error reading,2024-04-22T12:50:07.380644-04:00,April
662695829a8cdfbc2b9024b1,PH,Error reading,2024-04-22T12:51:14.030056-04:00,April
662695bf9a8cdfbc2b902572,DO,Error reading,2024-04-22T12:52:15.172875-04:00,April
662696019a8cdfbc2b902649,PH,Error reading,2024-04-22T12:53:21.822480-04:00,April
6626963e9a8cdfbc2b90270a,DO,Error reading,2024-04-22T12:54:22.954843-04:00,April
662696819a8cdfbc2b9027e1,PH,Error reading,2024-04-22T12:55:29.605378-04:00,April
662696be9a8cdfbc2b9028a2,DO,Error reading,2024-04-22T12:56:30.746000-04:00,April
662697019a8cdfbc2b902979,PH,Error reading,2024-04-22T12:57:37.393935-04:00,April
6626973e9a8cdfbc2b902a3a,DO,Error reading,2024-04-22T12:58:38.534561-04:00,April
662697819a8cdfbc2b902b11,PH,Error reading,2024-04-22T12:59:45.181072-04:00,April
662697be9a8cdfbc2b902bd2,DO,Error reading,2024-04-22T13:00:46.326971-04:00,April
662698009a8cdfbc2b902ca9,PH,Error reading,2024-04-22T13:01:52.965731-04:00,April
6626983e9a8cdfbc2b902d6a,DO,Error reading,2024-04-22T13:02:54.099622-04:00,April
662698809a8cdfbc2b902e41,PH,Error reading,2024-04-22T13:04:00.746591-04:00,April
662698bd9a8cdfbc2b902f02,DO,Error reading,2024-04-22T13:05:01.888376-04:00,April
662699009a8cdfbc2b902fd9,PH,Error reading,2024-04-22T13:06:08.539931-04:00,April
6626993d9a8cdfbc2b90309a,DO,Error reading,2024-04-22T13:07:09.674924-04:00,April
662699809a8cdfbc2b903171,PH,Error reading,2024-04-22T13:08:16.323797-04:00,April
662699bd9a8cdfbc2b903232,DO,Error reading,2024-04-22T13:09:17.465213-04:00,April
66269a009a8cdfbc2b903309,PH,Error reading,2024-04-22T13:10:24.112690-04:00,April
66269a3d9a8cdfbc2b9033ca,DO,Error reading,2024-04-22T13:11:25.248543-04:00,April
66269a7f9a8cdfbc2b9034a1,PH,Error reading,2024-04-22T13:12:31.897601-04:00,April
66269abd9a8cdfbc2b903562,DO,Error reading,2024-04-22T13:13:33.090518-04:00,April
66269aff9a8cdfbc2b903639,PH,Error reading,2024-04-22T13:14:39.686263-04:00,April
66269b3c9a8cdfbc2b9036fa,DO,Error reading,2024-04-22T13:15:40.818362-04:00,April
66269b7f9a8cdfbc2b9037d1,PH,Error reading,2024-04-22T13:16:47.463965-04:00,April
66269bbc9a8cdfbc2b903892,DO,Error reading,2024-04-22T13:17:48.601430-04:00,April
66269bff9a8cdfbc2b903969,PH,Error reading,2024-04-22T13:18:55.253463-04:00,April
66269c3c9a8cdfbc2b903a2a,DO,Error reading,2024-04-22T13:19:56.396852-04:00,April
66269c7f9a8cdfbc2b903b01,PH,Error reading,2024-04-22T13:21:03.047006-04:00,April
66269cbc9a8cdfbc2b903bc2,DO,Error reading,2024-04-22T13:22:04.188641-04:00,April
66269cfe9a8cdfbc2b903c99,PH,Error reading,2024-04-22T13:23:10.836369-04:00,April
66269d3b9a8cdfbc2b903d5a,DO,Error reading,2024-04-22T13:24:11.973194-04:00,April
66269d7e9a8cdfbc2b903e31,PH,Error reading,2024-04-22T13:25:18.621894-04:00,April
66269dbb9a8cdfbc2b903ef2,DO,Error reading,2024-04-22T13:26:19.760279-04:00,April
66269dfe9a8cdfbc2b903fc9,PH,Error reading,2024-04-22T13:27:26.409937-04:00,April
66269e3b9a8cdfbc2b90408a,DO,Error reading,2024-04-22T13:28:27.551014-04:00,April
66269e7e9a8cdfbc2b904161,PH,Error reading,2024-04-22T13:29:34.199364-04:00,April
66269ebb9a8cdfbc2b904222,DO,Error reading,2024-04-22T13:30:35.338246-04:00,April
66269efd9a8cdfbc2b9042f9,PH,Error reading,2024-04-22T13:31:41.990377-04:00,April
66269f3b9a8cdfbc2b9043ba,DO,Error reading,2024-04-22T13:32:43.127533-04:00,April
66269f7d9a8cdfbc2b904491,PH,Error reading,2024-04-22T13:33:49.776562-04:00,April
66269fba9a8cdfbc2b904552,DO,Error reading,2024-04-22T13:34:50.919211-04:00,April
66269ffd9a8cdfbc2b904629,PH,Error reading,2024-04-22T13:35:57.570617-04:00,April
6626a03a9a8cdfbc2b9046ea,DO,Error reading,2024-04-22T13:36:58.713050-04:00,April
6626a07d9a8cdfbc2b9047c1,PH,Error reading,2024-04-22T13:38:05.362486-04:00,April
6626a0ba9a8cdfbc2b904882,DO,Error reading,2024-04-22T13:39:06.501487-04:00,April
6626a0fd9a8cdfbc2b904959,PH,Error reading,2024-04-22T13:40:13.147477-04:00,April
6626a13a9a8cdfbc2b904a1a,DO,Error reading,2024-04-22T13:41:14.285454-04:00,April
6626a17c9a8cdfbc2b904af1,PH,Error reading,2024-04-22T13:42:20.935261-04:00,April
6626a1ba9a8cdfbc2b904bb2,DO,Error reading,2024-04-22T13:43:22.068573-04:00,April
6626a1fc9a8cdfbc2b904c89,PH,Error reading,2024-04-22T13:44:28.720980-04:00,April
6626a2399a8cdfbc2b904d4a,DO,Error reading,2024-04-22T13:45:29.852389-04:00,April
6626a27c9a8cdfbc2b904e21,PH,Error reading,2024-04-22T13:46:36.503787-04:00,April
6626a2b99a8cdfbc2b904ee2,DO,Error reading,2024-04-22T13:47:37.646110-04:00,April
6626a2fc9a8cdfbc2b904fb9,PH,Error reading,2024-04-22T13:48:44.289526-04:00,April
6626a3399a8cdfbc2b90507a,DO,Error reading,2024-04-22T13:49:45.428310-04:00,April
6626a37c9a8cdfbc2b905151,PH,Error reading,2024-04-22T13:50:52.068550-04:00,April
6626a3b99a8cdfbc2b905212,DO,Error reading,2024-04-22T13:51:53.200463-04:00,April
6626a3fb9a8cdfbc2b9052e9,PH,Error reading,2024-04-22T13:52:59.842814-04:00,April
6626a4389a8cdfbc2b9053aa,DO,Error reading,2024-04-22T13:54:00.977880-04:00,April
6626a47b9a8cdfbc2b905481,PH,Error reading,2024-04-22T13:55:07.626419-04:00,April
6626a4b89a8cdfbc2b905542,DO,Error reading,2024-04-22T13:56:08.765178-04:00,April
6626a4fb9a8cdfbc2b905619,PH,Error reading,2024-04-22T13:57:15.411086-04:00,April
6626a5389a8cdfbc2b9056da,DO,Error reading,2024-04-22T13:58:16.550654-04:00,April
6626a57b9a8cdfbc2b9057b1,PH,Error reading,2024-04-22T13:59:23.191239-04:00,April
6626a5b89a8cdfbc2b905872,DO,Error reading,2024-04-22T14:00:24.327560-04:00,April
6626a5fa9a8cdfbc2b905949,PH,Error reading,2024-04-22T14:01:30.967213-04:00,April
6626a6389a8cdfbc2b905a0a,DO,Error reading,2024-04-22T14:02:32.110556-04:00,April
6626a67a9a8cdfbc2b905ae1,PH,Error reading,2024-04-22T14:03:38.755974-04:00,April
6626a6b79a8cdfbc2b905ba2,DO,Error reading,2024-04-22T14:04:39.889560-04:00,April
6626a6fa9a8cdfbc2b905c79,PH,Error reading,2024-04-22T14:05:46.535728-04:00,April
6626a7379a8cdfbc2b905d3a,DO,Error reading,2024-04-22T14:06:47.673208-04:00,April
6626a77a9a8cdfbc2b905e11,PH,Error reading,2024-04-22T14:07:54.315985-04:00,April
6626a7b79a8cdfbc2b905ed2,DO,Error reading,2024-04-22T14:08:55.455509-04:00,April
6626a7fa9a8cdfbc2b905fa9,PH,Error reading,2024-04-22T14:10:02.112679-04:00,April
6626a8379a8cdfbc2b90606a,DO,Error reading,2024-04-22T14:11:03.243932-04:00,April
6626a8799a8cdfbc2b906141,PH,Error reading,2024-04-22T14:12:09.888577-04:00,April
6626a8b79a8cdfbc2b906202,DO,Error reading,2024-04-22T14:13:11.022792-04:00,April
6626a8f99a8cdfbc2b9062d9,PH,Error reading,2024-04-22T14:14:17.666224-04:00,April
6626a9369a8cdfbc2b90639a,DO,Error reading,2024-04-22T14:15:18.799974-04:00,April
6626a9799a8cdfbc2b906471,PH,Error reading,2024-04-22T14:16:25.446314-04:00,April
6626a9b69a8cdfbc2b906532,DO,Error reading,2024-04-22T14:17:26.578558-04:00,April
6626a9f99a8cdfbc2b906609,PH,Error reading,2024-04-22T14:18:33.236795-04:00,April
6626aa369a8cdfbc2b9066ca,DO,Error reading,2024-04-22T14:19:34.361960-04:00,April
6626aa799a8cdfbc2b9067a1,PH,Error reading,2024-04-22T14:20:41.007554-04:00,April
6626aab69a8cdfbc2b906862,DO,Error reading,2024-04-22T14:21:42.143151-04:00,April
6626aaf89a8cdfbc2b906939,PH,Error reading,2024-04-22T14:22:48.789519-04:00,April
6626ab359a8cdfbc2b9069fa,DO,Error reading,2024-04-22T14:23:49.930092-04:00,April
6626ab789a8cdfbc2b906ad1,PH,Error reading,2024-04-22T14:24:56.563761-04:00,April
6626abb59a8cdfbc2b906b92,DO,Error reading,2024-04-22T14:25:57.702739-04:00,April
6626abf89a8cdfbc2b906c69,PH,Error reading,2024-04-22T14:27:04.349179-04:00,April
6626ac359a8cdfbc2b906d2a,DO,Error reading,2024-04-22T14:28:05.484877-04:00,April
6626ac789a8cdfbc2b906e01,PH,Error reading,2024-04-22T14:29:12.133878-04:00,April
6626acb59a8cdfbc2b906ec2,DO,Error reading,2024-04-22T14:30:13.269829-04:00,April
6626acf79a8cdfbc2b906f99,PH,Error reading,2024-04-22T14:31:19.918193-04:00,April
6626ad359a8cdfbc2b90705a,DO,Error reading,2024-04-22T14:32:21.052769-04:00,April
6626ad779a8cdfbc2b907131,PH,Error reading,2024-04-22T14:33:27.691145-04:00,April
6626adb49a8cdfbc2b9071f2,DO,Error reading,2024-04-22T14:34:28.825711-04:00,April
6626adf79a8cdfbc2b9072c9,PH,Error reading,2024-04-22T14:35:35.474468-04:00,April
6626ae349a8cdfbc2b90738a,DO,Error reading,2024-04-22T14:36:36.611780-04:00,April
6626ae779a8cdfbc2b907461,PH,Error reading,2024-04-22T14:37:43.260735-04:00,April
6626aeb49a8cdfbc2b907522,DO,Error reading,2024-04-22T14:38:44.399933-04:00,April
6626aef79a8cdfbc2b9075f9,PH,Error reading,2024-04-22T14:39:51.040963-04:00,April
6626af349a8cdfbc2b9076ba,DO,Error reading,2024-04-22T14:40:52.179562-04:00,April
6626af769a8cdfbc2b907791,PH,Error reading,2024-04-22T14:41:58.826866-04:00,April
6626afb39a8cdfbc2b907852,DO,Error reading,2024-04-22T14:42:59.965405-04:00,April
6626aff69a8cdfbc2b907929,PH,Error reading,2024-04-22T14:44:06.611030-04:00,April
6626b0339a8cdfbc2b9079ea,DO,Error reading,2024-04-22T14:45:07.748471-04:00,April
6626b0769a8cdfbc2b907ac1,PH,Error reading,2024-04-22T14:46:14.392709-04:00,April
6626b0b39a8cdfbc2b907b82,DO,Error reading,2024-04-22T14:47:15.524453-04:00,April
6626b0f69a8cdfbc2b907c59,PH,Error reading,2024-04-22T14:48:22.168361-04:00,April
6626b1339a8cdfbc2b907d1a,DO,Error reading,2024-04-22T14:49:23.303056-04:00,April
6626b1759a8cdfbc2b907df1,PH,Error reading,2024-04-22T14:50:29.945605-04:00,April
6626b1b39a8cdfbc2b907eb2,DO,Error reading,2024-04-22T14:51:31.083793-04:00,April
6626b1f59a8cdfbc2b907f89,PH,Error reading,2024-04-22T14:52:37.732086-04:00,April
6626b2329a8cdfbc2b90804a,DO,Error reading,2024-04-22T14:53:38.869372-04:00,April
6626b2759a8cdfbc2b908121,PH,Error reading,2024-04-22T14:54:45.516760-04:00,April
6626b2b29a8cdfbc2b9081e2,DO,Error reading,2024-04-22T14:55:46.650540-04:00,April
6626b2f59a8cdfbc2b9082b9,PH,Error reading,2024-04-22T14:56:53.298325-04:00,April
6626b3329a8cdfbc2b90837a,DO,Error reading,2024-04-22T14:57:54.437472-04:00,April
6626b3759a8cdfbc2b908451,PH,Error reading,2024-04-22T14:59:01.084875-04:00,April
6626b3b29a8cdfbc2b908512,DO,Error reading,2024-04-22T15:00:02.224663-04:00,April
6626b3f49a8cdfbc2b9085e9,PH,Error reading,2024-04-22T15:01:08.866919-04:00,April
6626b4319a8cdfbc2b9086aa,DO,Error reading,2024-04-22T15:02:09.999382-04:00,April
6626b4749a8cdfbc2b908781,PH,Error reading,2024-04-22T15:03:16.643716-04:00,April
6626b4b19a8cdfbc2b908842,DO,Error reading,2024-04-22T15:04:17.776532-04:00,April
6626b4f49a8cdfbc2b908919,PH,Error reading,2024-04-22T15:05:24.419720-04:00,April
6626b5319a8cdfbc2b9089da,DO,Error reading,2024-04-22T15:06:25.550991-04:00,April
6626b5749a8cdfbc2b908ab1,PH,Error reading,2024-04-22T15:07:32.196803-04:00,April
6626b5b19a8cdfbc2b908b72,DO,Error reading,2024-04-22T15:08:33.337263-04:00,April
6626b5f39a8cdfbc2b908c49,PH,Error reading,2024-04-22T15:09:39.987898-04:00,April
6626b6319a8cdfbc2b908d0a,DO,Error reading,2024-04-22T15:10:41.124539-04:00,April
6626b6739a8cdfbc2b908de1,PH,Error reading,2024-04-22T15:11:47.776534-04:00,April
6626b6b09a8cdfbc2b908ea2,DO,Error reading,2024-04-22T15:12:48.911417-04:00,April
6626b6f39a8cdfbc2b908f79,PH,Error reading,2024-04-22T15:13:55.562465-04:00,April
6626b7309a8cdfbc2b90903a,DO,Error reading,2024-04-22T15:14:56.698319-04:00,April
6626b7739a8cdfbc2b909111,PH,Error reading,2024-04-22T15:16:03.341519-04:00,April
6626b7b09a8cdfbc2b9091d2,DO,Error reading,2024-04-22T15:17:04.469607-04:00,April
6626b7f39a8cdfbc2b9092a9,PH,Error reading,2024-04-22T15:18:11.115709-04:00,April
6626b8309a8cdfbc2b90936a,DO,Error reading,2024-04-22T15:19:12.251177-04:00,April
6626b8729a8cdfbc2b909441,PH,Error reading,2024-04-22T15:20:18.894628-04:00,April
6626b8b09a8cdfbc2b909502,DO,Error reading,2024-04-22T15:21:20.030364-04:00,April
6626b8f29a8cdfbc2b9095d9,PH,Error reading,2024-04-22T15:22:26.673873-04:00,April
6626b92f9a8cdfbc2b90969a,DO,Error reading,2024-04-22T15:23:27.809403-04:00,April
6626b9729a8cdfbc2b909771,PH,Error reading,2024-04-22T15:24:34.454570-04:00,April
6626b9af9a8cdfbc2b909832,DO,Error reading,2024-04-22T15:25:35.594777-04:00,April
6626b9f29a8cdfbc2b909909,PH,Error reading,2024-04-22T15:26:42.243934-04:00,April
6626ba2f9a8cdfbc2b9099ca,DO,Error reading,2024-04-22T15:27:43.380950-04:00,April
6626ba729a8cdfbc2b909aa1,PH,Error reading,2024-04-22T15:28:50.029322-04:00,April
6626baaf9a8cdfbc2b909b62,DO,Error reading,2024-04-22T15:29:51.168492-04:00,April
6626baf19a8cdfbc2b909c39,PH,Error reading,2024-04-22T15:30:57.814985-04:00,April
6626bb2e9a8cdfbc2b909cfa,DO,Error reading,2024-04-22T15:31:58.950025-04:00,April
6626bb719a8cdfbc2b909dd1,PH,Error reading,2024-04-22T15:33:05.595494-04:00,April
6626bbae9a8cdfbc2b909e92,DO,Error reading,2024-04-22T15:34:06.727764-04:00,April
6626bbf19a8cdfbc2b909f69,PH,Error reading,2024-04-22T15:35:13.375361-04:00,April
6626bc2e9a8cdfbc2b90a02a,DO,Error reading,2024-04-22T15:36:14.514291-04:00,April
6626bc719a8cdfbc2b90a101,PH,Error reading,2024-04-22T15:37:21.175684-04:00,April
6626bcae9a8cdfbc2b90a1c2,DO,Error reading,2024-04-22T15:38:22.299003-04:00,April
6626bcf09a8cdfbc2b90a299,PH,Error reading,2024-04-22T15:39:28.945651-04:00,April
6626bd2e9a8cdfbc2b90a35a,DO,Error reading,2024-04-22T15:40:30.084782-04:00,April
6626bd709a8cdfbc2b90a431,PH,Error reading,2024-04-22T15:41:36.734470-04:00,April
6626bdad9a8cdfbc2b90a4f2,DO,Error reading,2024-04-22T15:42:37.871650-04:00,April
6626bdf09a8cdfbc2b90a5c9,PH,Error reading,2024-04-22T15:43:44.515004-04:00,April
6626be2d9a8cdfbc2b90a68a,DO,Error reading,2024-04-22T15:44:45.651085-04:00,April
6626be709a8cdfbc2b90a761,PH,Error reading,2024-04-22T15:45:52.298610-04:00,April
6626bead9a8cdfbc2b90a822,DO,Error reading,2024-04-22T15:46:53.438632-04:00,April
6626bef09a8cdfbc2b90a8f9,PH,Error reading,2024-04-22T15:48:00.086159-04:00,April
6626bf2d9a8cdfbc2b90a9ba,DO,Error reading,2024-04-22T15:49:01.222046-04:00,April
6626bf6f9a8cdfbc2b90aa91,PH,Error reading,2024-04-22T15:50:07.865944-04:00,April
6626bfad9a8cdfbc2b90ab52,DO,Error reading,2024-04-22T15:51:09.004855-04:00,April
6626bfef9a8cdfbc2b90ac29,PH,Error reading,2024-04-22T15:52:15.647880-04:00,April
6626c02c9a8cdfbc2b90acea,DO,Error reading,2024-04-22T15:53:16.786992-04:00,April
6626c06f9a8cdfbc2b90adc1,PH,Error reading,2024-04-22T15:54:23.439222-04:00,April
6626c0ac9a8cdfbc2b90ae82,DO,Error reading,2024-04-22T15:55:24.574574-04:00,April
6626c0ef9a8cdfbc2b90af59,PH,Error reading,2024-04-22T15:56:31.216448-04:00,April
6626c12c9a8cdfbc2b90b01a,DO,Error reading,2024-04-22T15:57:32.354704-04:00,April
6626c16f9a8cdfbc2b90b0f1,PH,Error reading,2024-04-22T15:58:39.005051-04:00,April
6626c1ac9a8cdfbc2b90b1b2,DO,Error reading,2024-04-22T15:59:40.143120-04:00,April
6626c1ee9a8cdfbc2b90b289,PH,Error reading,2024-04-22T16:00:46.785384-04:00,April
6626c22b9a8cdfbc2b90b34a,DO,Error reading,2024-04-22T16:01:47.925104-04:00,April
6626c26e9a8cdfbc2b90b421,PH,Error reading,2024-04-22T16:02:54.566433-04:00,April
6626c2ab9a8cdfbc2b90b4e2,DO,Error reading,2024-04-22T16:03:55.708116-04:00,April
6626c2ee9a8cdfbc2b90b5b9,PH,Error reading,2024-04-22T16:05:02.351336-04:00,April
6626c32b9a8cdfbc2b90b67a,DO,Error reading,2024-04-22T16:06:03.487635-04:00,April
6626c36e9a8cdfbc2b90b751,PH,Error reading,2024-04-22T16:07:10.135302-04:00,April
6626c3ab9a8cdfbc2b90b812,DO,Error reading,2024-04-22T16:08:11.266989-04:00,April
6626c3ed9a8cdfbc2b90b8e9,PH,Error reading,2024-04-22T16:09:17.911587-04:00,April
6626c42b9a8cdfbc2b90b9aa,DO,Error reading,2024-04-22T16:10:19.047678-04:00,April
6626c46d9a8cdfbc2b90ba81,PH,Error reading,2024-04-22T16:11:25.700579-04:00,April
6626c4aa9a8cdfbc2b90bb42,DO,Error reading,2024-04-22T16:12:26.889341-04:00,April
6626c4ed9a8cdfbc2b90bc19,PH,Error reading,2024-04-22T16:13:33.487218-04:00,April
6626c52a9a8cdfbc2b90bcda,DO,Error reading,2024-04-22T16:14:34.623256-04:00,April
6626c56d9a8cdfbc2b90bdb1,PH,Error reading,2024-04-22T16:15:41.264349-04:00,April
6626c5aa9a8cdfbc2b90be72,DO,Error reading,2024-04-22T16:16:42.405397-04:00,April
6626c5ed9a8cdfbc2b90bf49,PH,Error reading,2024-04-22T16:17:49.054132-04:00,April
6626c62a9a8cdfbc2b90c00a,DO,Error reading,2024-04-22T16:18:50.191772-04:00,April
6626c66c9a8cdfbc2b90c0e1,PH,Error reading,2024-04-22T16:19:56.835664-04:00,April
6626c6a99a8cdfbc2b90c1a2,DO,Error reading,2024-04-22T16:20:57.967095-04:00,April
6626c6ec9a8cdfbc2b90c279,PH,Error reading,2024-04-22T16:22:04.610403-04:00,April
6626c7299a8cdfbc2b90c33a,DO,Error reading,2024-04-22T16:23:05.749574-04:00,April
6626c76c9a8cdfbc2b90c411,PH,Error reading,2024-04-22T16:24:12.401051-04:00,April
6626c7a99a8cdfbc2b90c4d2,DO,Error reading,2024-04-22T16:25:13.540630-04:00,April
6626c7ec9a8cdfbc2b90c5a9,PH,Error reading,2024-04-22T16:26:20.187776-04:00,April
6626c8299a8cdfbc2b90c66a,DO,Error reading,2024-04-22T16:27:21.329169-04:00,April
6626c86b9a8cdfbc2b90c741,PH,Error reading,2024-04-22T16:28:27.977721-04:00,April
6626c8a99a8cdfbc2b90c802,DO,Error reading,2024-04-22T16:29:29.121678-04:00,April
6626c8eb9a8cdfbc2b90c8d9,PH,Error reading,2024-04-22T16:30:35.769398-04:00,April
6626c9289a8cdfbc2b90c99a,DO,Error reading,2024-04-22T16:31:36.909458-04:00,April
6626c96b9a8cdfbc2b90ca71,PH,Error reading,2024-04-22T16:32:43.557260-04:00,April
6626c9a89a8cdfbc2b90cb32,DO,Error reading,2024-04-22T16:33:44.699905-04:00,April
6626c9eb9a8cdfbc2b90cc09,PH,Error reading,2024-04-22T16:34:51.349797-04:00,April
6626ca289a8cdfbc2b90ccca,DO,Error reading,2024-04-22T16:35:52.486502-04:00,April
6626ca6b9a8cdfbc2b90cda1,PH,Error reading,2024-04-22T16:36:59.138732-04:00,April
6626caa89a8cdfbc2b90ce62,DO,Error reading,2024-04-22T16:38:00.278827-04:00,April
6626caea9a8cdfbc2b90cf39,PH,Error reading,2024-04-22T16:39:06.923123-04:00,April
6626cb289a8cdfbc2b90cffa,DO,Error reading,2024-04-22T16:40:08.056471-04:00,April
6626cb6a9a8cdfbc2b90d0d1,PH,Error reading,2024-04-22T16:41:14.696481-04:00,April
6626cba79a8cdfbc2b90d192,DO,Error reading,2024-04-22T16:42:15.832617-04:00,April
6626cbea9a8cdfbc2b90d269,PH,Error reading,2024-04-22T16:43:22.483942-04:00,April
6626cc279a8cdfbc2b90d32a,DO,Error reading,2024-04-22T16:44:23.625488-04:00,April
6626cc6a9a8cdfbc2b90d401,PH,Error reading,2024-04-22T16:45:30.271821-04:00,April
6626cca79a8cdfbc2b90d4c2,DO,Error reading,2024-04-22T16:46:31.411018-04:00,April
6626ccea9a8cdfbc2b90d599,PH,Error reading,2024-04-22T16:47:38.057577-04:00,April
6626cd279a8cdfbc2b90d65a,DO,Error reading,2024-04-22T16:48:39.199103-04:00,April
6626cd699a8cdfbc2b90d731,PH,Error reading,2024-04-22T16:49:45.845919-04:00,April
6626cda69a8cdfbc2b90d7f2,DO,Error reading,2024-04-22T16:50:46.983919-04:00,April
6626cde99a8cdfbc2b90d8c9,PH,Error reading,2024-04-22T16:51:53.629604-04:00,April
6626ce269a8cdfbc2b90d98a,DO,Error reading,2024-04-22T16:52:54.770240-04:00,April
6626ce699a8cdfbc2b90da61,PH,Error reading,2024-04-22T16:54:01.418525-04:00,April
6626cea69a8cdfbc2b90db22,DO,Error reading,2024-04-22T16:55:02.541498-04:00,April
6626cee99a8cdfbc2b90dbf9,PH,Error reading,2024-04-22T16:56:09.192642-04:00,April
6626cf269a8cdfbc2b90dcba,DO,Error reading,2024-04-22T16:57:10.334489-04:00,April
6626cf619a8cdfbc2b90dd75,DO,Error reading,2024-04-22T16:58:09.964435-04:00,April
6626cfa49a8cdfbc2b90de4c,PH,Error reading,2024-04-22T16:59:16.614428-04:00,April
6626cfe19a8cdfbc2b90df0d,DO,Error reading,2024-04-22T17:00:17.747377-04:00,April
6626d0249a8cdfbc2b90dfe4,PH,Error reading,2024-04-22T17:01:24.400507-04:00,April
6626d0619a8cdfbc2b90e0a5,DO,Error reading,2024-04-22T17:02:25.539521-04:00,April
6626d0a49a8cdfbc2b90e17c,PH,Error reading,2024-04-22T17:03:32.185859-04:00,April
6626d0e19a8cdfbc2b90e23d,DO,Error reading,2024-04-22T17:04:33.325748-04:00,April
6626d1239a8cdfbc2b90e314,PH,Error reading,2024-04-22T17:05:39.975963-04:00,April
6626d1619a8cdfbc2b90e3d5,DO,Error reading,2024-04-22T17:06:41.115403-04:00,April
6626d1a39a8cdfbc2b90e4ac,PH,Error reading,2024-04-22T17:07:47.758413-04:00,April
6626d1e09a8cdfbc2b90e56d,DO,Error reading,2024-04-22T17:08:48.894435-04:00,April
6626d2239a8cdfbc2b90e644,PH,Error reading,2024-04-22T17:09:55.545285-04:00,April
6626d2609a8cdfbc2b90e705,DO,Error reading,2024-04-22T17:10:56.685484-04:00,April
6626d2a39a8cdfbc2b90e7dc,PH,Error reading,2024-04-22T17:12:03.325724-04:00,April
6626d2e09a8cdfbc2b90e89d,DO,Error reading,2024-04-22T17:13:04.462121-04:00,April
6626d3239a8cdfbc2b90e974,PH,Error reading,2024-04-22T17:14:11.098800-04:00,April
6626d3609a8cdfbc2b90ea35,DO,Error reading,2024-04-22T17:15:12.238702-04:00,April
6626d3a29a8cdfbc2b90eb0c,PH,Error reading,2024-04-22T17:16:18.880568-04:00,April
6626d3e09a8cdfbc2b90ebcd,DO,Error reading,2024-04-22T17:17:20.015493-04:00,April
6626d4229a8cdfbc2b90eca4,PH,Error reading,2024-04-22T17:18:26.659315-04:00,April
6626d45f9a8cdfbc2b90ed65,DO,Error reading,2024-04-22T17:19:27.791438-04:00,April
6626d4a29a8cdfbc2b90ee3c,PH,Error reading,2024-04-22T17:20:34.437884-04:00,April
6626d4df9a8cdfbc2b90eefd,DO,Error reading,2024-04-22T17:21:35.579815-04:00,April
6626d5229a8cdfbc2b90efd4,PH,Error reading,2024-04-22T17:22:42.229328-04:00,April
6626d55f9a8cdfbc2b90f095,DO,Error reading,2024-04-22T17:23:43.364301-04:00,April
6626d5a29a8cdfbc2b90f16c,PH,Error reading,2024-04-22T17:24:50.013974-04:00,April
6626d5df9a8cdfbc2b90f22d,DO,Error reading,2024-04-22T17:25:51.156887-04:00,April
6626d6219a8cdfbc2b90f304,PH,Error reading,2024-04-22T17:26:57.811416-04:00,April
6626d65e9a8cdfbc2b90f3c5,DO,Error reading,2024-04-22T17:27:58.951239-04:00,April
6626d6a19a8cdfbc2b90f49c,PH,Error reading,2024-04-22T17:29:05.602594-04:00,April
6626d6de9a8cdfbc2b90f55d,DO,Error reading,2024-04-22T17:30:06.745650-04:00,April
6626d7219a8cdfbc2b90f634,PH,Error reading,2024-04-22T17:31:13.389257-04:00,April
6626d75e9a8cdfbc2b90f6f5,DO,Error reading,2024-04-22T17:32:14.593645-04:00,April
6626d7a19a8cdfbc2b90f7cc,PH,Error reading,2024-04-22T17:33:21.235097-04:00,April
6626d7de9a8cdfbc2b90f88d,DO,Error reading,2024-04-22T17:34:22.371303-04:00,April
6626d8219a8cdfbc2b90f964,PH,Error reading,2024-04-22T17:35:29.020835-04:00,April
6626d85e9a8cdfbc2b90fa25,DO,Error reading,2024-04-22T17:36:30.162944-04:00,April
6626d8a19a8cdfbc2b90fafc,PH,Error reading,2024-04-22T17:37:37.132944-04:00,April
6626d8dd9a8cdfbc2b90fbbd,DO,Error reading,2024-04-22T17:38:37.945553-04:00,April
6626d9209a8cdfbc2b90fc94,PH,Error reading,2024-04-22T17:39:44.592900-04:00,April
6626d95d9a8cdfbc2b90fd55,DO,Error reading,2024-04-22T17:40:45.732094-04:00,April
6626d9a09a8cdfbc2b90fe2c,PH,Error reading,2024-04-22T17:41:52.592518-04:00,April
6626d9dd9a8cdfbc2b90feed,DO,Error reading,2024-04-22T17:42:53.515453-04:00,April
6626da209a8cdfbc2b90ffc4,PH,Error reading,2024-04-22T17:44:00.166831-04:00,April
6626da5d9a8cdfbc2b910085,DO,Error reading,2024-04-22T17:45:01.308430-04:00,April
6626da9f9a8cdfbc2b91015c,PH,Error reading,2024-04-22T17:46:07.953372-04:00,April
6626dadd9a8cdfbc2b91021d,DO,Error reading,2024-04-22T17:47:09.095769-04:00,April
6626db1f9a8cdfbc2b9102f4,PH,Error reading,2024-04-22T17:48:15.739552-04:00,April
6626db5c9a8cdfbc2b9103b5,DO,Error reading,2024-04-22T17:49:16.882564-04:00,April
6626db9f9a8cdfbc2b91048c,PH,Error reading,2024-04-22T17:50:23.632021-04:00,April
6626dbdc9a8cdfbc2b91054d,DO,Error reading,2024-04-22T17:51:24.661232-04:00,April
6626dc1f9a8cdfbc2b910624,PH,Error reading,2024-04-22T17:52:31.310506-04:00,April
6626dc5c9a8cdfbc2b9106e5,DO,Error reading,2024-04-22T17:53:32.454585-04:00,April
6626dc9f9a8cdfbc2b9107bc,PH,Error reading,2024-04-22T17:54:39.095365-04:00,April
6626dcdc9a8cdfbc2b91087d,DO,Error reading,2024-04-22T17:55:40.235912-04:00,April
6626dd1e9a8cdfbc2b910954,PH,Error reading,2024-04-22T17:56:46.883420-04:00,April
6626dd5c9a8cdfbc2b910a15,DO,Error reading,2024-04-22T17:57:48.023371-04:00,April
6626dd9e9a8cdfbc2b910aec,PH,Error reading,2024-04-22T17:58:54.707176-04:00,April
6626dddb9a8cdfbc2b910bad,DO,Error reading,2024-04-22T17:59:55.818224-04:00,April
6626de1e9a8cdfbc2b910c84,PH,Error reading,2024-04-22T18:01:02.459519-04:00,April
6626de5b9a8cdfbc2b910d45,DO,Error reading,2024-04-22T18:02:03.591549-04:00,April
6626de9e9a8cdfbc2b910e1c,PH,Error reading,2024-04-22T18:03:10.240882-04:00,April
6626dedb9a8cdfbc2b910edd,DO,Error reading,2024-04-22T18:04:11.374929-04:00,April
6626df1e9a8cdfbc2b910fb4,PH,Error reading,2024-04-22T18:05:18.021431-04:00,April
6626df5b9a8cdfbc2b911075,DO,Error reading,2024-04-22T18:06:19.156241-04:00,April
6626df9d9a8cdfbc2b91114c,PH,Error reading,2024-04-22T18:07:25.803698-04:00,April
6626dfda9a8cdfbc2b91120d,DO,Error reading,2024-04-22T18:08:26.946001-04:00,April
6626e01d9a8cdfbc2b9112e4,PH,Error reading,2024-04-22T18:09:33.595639-04:00,April
6626e05a9a8cdfbc2b9113a5,DO,Error reading,2024-04-22T18:10:34.735523-04:00,April
6626e09d9a8cdfbc2b91147c,PH,Error reading,2024-04-22T18:11:41.388437-04:00,April
6626e0da9a8cdfbc2b91153d,DO,Error reading,2024-04-22T18:12:42.526345-04:00,April
6626e11d9a8cdfbc2b911614,PH,Error reading,2024-04-22T18:13:49.176642-04:00,April
6626e15a9a8cdfbc2b9116d5,DO,Error reading,2024-04-22T18:14:50.315440-04:00,April
6626e19c9a8cdfbc2b9117ac,PH,Error reading,2024-04-22T18:15:56.963760-04:00,April
6626e1da9a8cdfbc2b91186d,DO,Error reading,2024-04-22T18:16:58.098599-04:00,April
6626e21c9a8cdfbc2b911944,PH,Error reading,2024-04-22T18:18:04.748223-04:00,April
6626e2599a8cdfbc2b911a05,DO,Error reading,2024-04-22T18:19:05.888216-04:00,April
